segment,start,n,rtt_median_ms,rf_recall_B
2,2026-10-04 18:31:12,114,154.7,0.1404
8,2026-10-04 18:34:00,51,495.07,0.4314
14,2026-10-04 18:36:48,113,155.13,0.1947
20,2026-10-04 18:39:37,51,477.55,0.5686
26,2026-10-04 18:42:25,114,154.42,0.1754
32,2026-10-04 18:45:13,54,444.7,0.6111
38,2026-10-04 18:48:01,115,154.26,0.2087
44,2026-10-04 18:50:49,54,443.0,0.6296
50,2026-10-04 18:53:37,115,154.81,0.1304
56,2026-10-04 18:56:26,51,484.83,0.4902
62,2026-10-04 18:59:14,114,154.76,0.2018
68,2026-10-04 19:02:02,52,454.66,0.5385
