avg_rtt,max_rtt,std_rtt,moving_avg,rtt_change_rate,is_anomaly
0.47,0.47,0.0,0.47,0.0,0
0.46,0.47,0.01,0.46,4.43,0
0.82,1.53,0.51,0.82,242.6,0
1.16,2.17,0.73,1.16,41.5,0
1.17,2.17,0.66,1.17,43.27,0
1.15,2.17,0.6,1.15,16.59,0
1.12,2.17,0.56,1.12,9.26,0
1.08,2.17,0.54,1.08,13.53,0
1.14,2.17,0.54,1.14,108.08,0
1.23,2.17,0.58,1.23,20.65,0
1.26,2.17,0.55,1.26,64.3,0
1.34,2.17,0.47,1.34,78.44,0
1.24,2.17,0.52,1.24,56.37,0
1.14,2.02,0.42,1.14,98.85,0
1.2,2.02,0.47,1.2,60.5,0
1.23,2.02,0.46,1.23,22.95,0
1.28,2.02,0.46,1.28,0.03,0
1.4,2.04,0.48,1.4,47.72,0
1.42,2.04,0.5,1.42,6.55,0
1.31,2.04,0.48,1.31,55.31,0
1.3,2.04,0.49,1.3,26.49,0
1.24,2.04,0.52,1.24,9.35,0
1.24,2.04,0.51,1.24,6.15,0
1.23,2.04,0.52,1.23,55.48,0
1.14,2.04,0.49,1.14,16.89,0
1.07,2.04,0.5,1.07,13.04,0
1.03,2.04,0.49,1.03,39.49,0
0.99,1.91,0.42,0.99,64.25,0
0.86,1.66,0.3,0.86,67.29,0
0.98,2.12,0.48,0.98,290.15,0
0.99,2.12,0.48,0.99,65.28,0
1.07,2.12,0.49,1.07,100.88,0
1.16,2.12,0.48,1.16,0.95,0
1.11,2.12,0.52,1.11,67.79,0
1.14,2.12,0.51,1.14,151.39,0
1.24,2.12,0.51,1.24,39.19,0
1.2,2.12,0.54,1.2,64.16,0
1.16,2.12,0.52,1.16,111.65,0
1.16,2.12,0.53,1.16,58.71,0
1.08,1.68,0.43,1.08,150.61,0
1.06,1.68,0.45,1.06,61.73,0
1.05,1.68,0.44,1.05,175.56,0
0.96,1.68,0.43,0.96,58.58,0
0.98,1.68,0.41,0.98,33.47,0
0.93,1.68,0.41,0.93,7.82,0
0.85,1.39,0.33,0.85,12.19,0
0.91,1.39,0.34,0.91,60.65,0
0.87,1.39,0.32,0.87,32.36,0
0.98,1.65,0.37,0.98,91.16,0
1.02,1.68,0.42,1.02,2.02,0
1.04,1.68,0.4,1.04,60.03,0
1.04,1.68,0.4,1.04,107.65,0
1.05,1.68,0.39,1.05,48.77,0
1.05,1.68,0.39,1.05,5.23,0
1.24,2.59,0.58,1.24,244.3,0
1.21,2.59,0.62,1.21,82.23,0
1.13,2.59,0.65,1.13,2.69,0
1.14,2.59,0.65,1.14,104.03,0
1.1,2.59,0.63,1.1,30.3,0
0.97,2.59,0.62,0.97,63.84,0
1.03,2.59,0.62,1.03,174.74,0
1.01,2.59,0.61,1.01,8.83,0
1.02,2.59,0.6,1.02,29.09,0
1.17,2.59,0.7,1.17,183.33,0
0.98,2.29,0.53,0.98,67.82,0
0.99,2.29,0.52,0.99,26.25,0
0.99,2.29,0.52,0.99,12.37,0
0.95,2.29,0.54,0.95,13.32,0
0.9,2.29,0.53,0.9,38.36,0
0.96,2.29,0.51,0.96,37.27,0
0.89,2.29,0.51,0.89,45.51,0
0.89,2.29,0.51,0.89,109.74,0
0.85,2.29,0.53,0.85,62.85,0
0.68,1.17,0.23,0.68,20.16,0
0.65,1.17,0.24,0.65,7.11,0
0.67,1.17,0.24,0.67,59.5,0
0.72,1.17,0.24,0.72,22.22,0
0.72,1.17,0.24,0.72,47.02,0
0.69,1.17,0.26,0.69,9.22,0
0.63,1.17,0.24,0.63,7.38,0
0.65,1.17,0.24,0.65,78.86,0
0.67,1.39,0.29,0.67,84.2,0
0.73,1.39,0.3,0.73,25.34,0
0.74,1.39,0.29,0.74,37.69,0
0.98,2.88,0.69,0.98,346.15,0
1.18,2.88,0.86,1.18,5.44,0
1.15,2.88,0.87,1.15,75.87,0
1.32,2.88,0.9,1.32,237.72,0
1.51,2.88,0.9,1.51,6.22,0
1.58,2.88,0.84,1.58,54.22,0
1.8,2.97,0.88,1.8,174.43,0
1.77,2.97,0.9,1.77,62.52,0
1.82,2.97,0.87,1.82,41.61,0
1.83,2.97,0.86,1.83,54.15,0
1.61,2.97,0.84,1.61,0.2,0
1.41,2.97,0.79,1.41,10.82,0
1.54,2.97,0.77,1.54,206.46,0
1.49,2.97,0.74,1.49,12.1,0
1.53,2.97,0.8,1.53,60.67,0
1.58,2.97,0.78,1.58,43.61,0
1.36,2.78,0.65,1.36,47.07,0
1.32,2.78,0.69,1.32,21.64,0
1.23,2.78,0.7,1.23,5.61,0
1.23,2.78,0.7,1.23,8.92,0
1.32,2.78,0.69,1.32,108.1,0
1.5,2.78,0.73,1.5,59.31,0
1.36,2.78,0.76,1.36,76.5,0
1.27,2.78,0.76,1.27,35.23,0
1.05,2.48,0.59,1.05,23.69,0
0.96,2.48,0.57,0.96,17.25,0
0.94,2.48,0.58,0.94,11.33,0
0.96,2.48,0.57,0.96,29.9,0
0.98,2.48,0.57,0.98,13.92,0
0.99,2.48,0.56,0.99,9.66,0
0.91,2.48,0.53,0.91,15.21,0
0.75,0.93,0.11,0.75,25.54,0
1.51,8.25,2.25,1.51,827.61,0
1.51,8.25,2.25,1.51,90.53,0
1.5,8.25,2.25,1.5,35.86,0
1.53,8.25,2.24,1.53,89.44,0
1.51,8.25,2.25,1.51,48.04,0
1.61,8.25,2.24,1.61,264.11,0
1.59,8.25,2.25,1.59,61.36,0
1.58,8.25,2.25,1.58,4.36,0
1.58,8.25,2.25,1.58,6.02,0
1.7,8.25,2.25,1.7,212.96,0
0.98,2.13,0.52,0.98,49.3,0
0.97,2.13,0.53,0.97,43.14,0
1.0,2.13,0.51,1.0,34.54,0
0.98,2.13,0.52,0.98,11.05,0
1.0,2.13,0.5,1.0,2.82,0
0.89,2.13,0.43,0.89,8.01,0
0.93,2.13,0.43,0.93,53.65,0
0.91,2.13,0.44,0.91,48.17,0
0.92,2.13,0.44,0.92,25.7,0
0.78,1.08,0.16,0.78,14.45,0
0.77,1.07,0.14,0.77,18.58,0
0.76,1.07,0.16,0.76,45.02,0
0.79,1.12,0.19,0.79,116.52,0
0.77,1.12,0.21,0.77,54.37,0
0.77,1.12,0.21,0.77,54.44,0
0.78,1.12,0.21,0.78,0.72,0
0.74,1.12,0.18,0.74,13.05,0
0.75,1.12,0.18,0.75,5.6,0
0.77,1.12,0.18,0.77,25.17,0
0.77,1.12,0.18,0.77,1.42,0
0.77,1.12,0.18,0.77,23.56,0
0.85,1.25,0.21,0.85,24.93,0
0.79,1.25,0.2,0.79,54.03,0
0.83,1.25,0.18,0.83,58.54,0
0.81,1.25,0.2,0.81,37.24,0
0.81,1.25,0.2,0.81,37.49,0
0.81,1.25,0.2,0.81,6.44,0
0.83,1.25,0.19,0.83,17.14,0
0.82,1.25,0.19,0.82,22.33,0
0.81,1.25,0.2,0.81,5.99,0
0.79,1.25,0.19,0.79,13.26,0
0.75,0.92,0.12,0.75,15.22,0
0.77,0.92,0.11,0.77,22.65,0
0.77,0.95,0.11,0.77,32.34,0
0.78,0.95,0.09,0.78,26.43,0
0.8,0.95,0.1,0.8,29.86,0
0.79,0.95,0.11,0.79,27.98,0
0.77,0.95,0.11,0.77,2.23,0
0.76,0.95,0.12,0.76,7.64,0
0.77,0.95,0.12,0.77,40.96,0
0.77,0.95,0.13,0.77,3.16,0
0.77,0.95,0.12,0.77,2.45,0
0.76,0.95,0.12,0.76,21.36,0
0.74,0.9,0.1,0.74,13.3,0
0.76,0.9,0.11,0.76,18.42,0
0.74,0.88,0.1,0.74,19.86,0
0.74,0.88,0.1,0.74,3.55,0
0.76,0.88,0.1,0.76,28.5,0
0.78,0.88,0.08,0.78,17.84,0
0.76,0.88,0.08,0.76,3.88,0
0.76,0.88,0.08,0.76,11.43,0
0.77,0.99,0.1,0.77,29.08,0
0.77,0.99,0.1,0.77,31.36,0
0.77,0.99,0.11,0.77,1.71,0
0.75,0.99,0.1,0.75,1.35,0
0.76,0.99,0.11,0.76,31.19,0
0.81,1.13,0.15,0.81,26.35,0
0.78,1.13,0.16,0.78,44.42,0
0.79,1.13,0.15,0.79,24.48,0
0.86,1.34,0.22,0.86,72.43,0
0.86,1.34,0.22,0.86,39.72,0
0.86,1.34,0.22,0.86,27.37,0
0.88,1.34,0.22,0.88,18.14,0
0.89,1.34,0.2,0.89,2.43,0
0.89,1.34,0.21,0.89,20.36,0
0.88,1.34,0.21,0.88,20.11,0
0.84,1.34,0.2,0.84,13.75,0
0.85,1.34,0.19,0.85,4.53,0
0.84,1.34,0.2,0.84,2.35,0
0.76,1.03,0.12,0.76,16.4,0
0.74,1.03,0.13,0.74,1.23,0
0.78,1.48,0.25,0.78,159.23,0
0.79,1.48,0.25,0.79,40.28,0
0.77,1.48,0.26,0.77,29.38,0
0.76,1.48,0.26,0.76,14.36,0
0.74,1.48,0.27,0.74,10.32,0
0.94,2.72,0.65,0.94,360.85,0
0.97,2.72,0.65,0.97,64.54,0
0.98,2.72,0.64,0.98,18.16,0
0.99,2.72,0.63,0.99,3.5,0
1.01,2.72,0.62,1.01,2.41,0
0.95,2.72,0.61,0.95,1.8,0
0.94,2.72,0.61,0.94,4.61,0
0.98,2.72,0.6,0.98,23.46,0
0.99,2.72,0.59,0.99,39.84,0
0.98,2.72,0.6,0.98,22.79,0
0.78,1.03,0.15,0.78,57.24,0
0.77,1.03,0.14,0.77,10.42,0
0.8,1.13,0.17,0.8,36.28,0
0.82,1.13,0.18,0.82,13.64,0
0.8,1.13,0.19,0.8,37.52,0
0.79,1.13,0.2,0.79,5.91,0
0.78,1.13,0.2,0.78,21.17,0
0.78,1.13,0.19,0.78,19.39,0
0.81,1.13,0.18,0.81,0.54,0
0.84,1.13,0.15,0.84,13.27,0
0.83,1.13,0.16,0.83,21.2,0
0.86,1.13,0.18,0.86,77.61,0
0.81,1.13,0.17,0.81,41.71,0
0.81,1.13,0.17,0.81,51.89,0
0.83,1.13,0.16,0.83,18.16,0
0.87,1.13,0.15,0.87,22.36,0
0.86,1.13,0.16,0.86,33.71,0
0.83,1.13,0.17,0.83,2.12,0
0.92,1.88,0.36,0.92,190.22,0
0.94,1.88,0.36,0.94,45.79,0
0.96,1.88,0.35,0.96,22.08,0
0.92,1.88,0.35,0.92,5.04,0
0.98,1.88,0.35,0.98,68.0,0
0.95,1.88,0.37,0.95,50.87,0
0.97,1.88,0.36,0.97,60.73,0
0.93,1.88,0.37,0.93,34.6,0
0.92,1.88,0.38,0.92,8.19,0
0.95,1.88,0.37,0.95,48.81,0
0.83,1.27,0.21,0.83,26.41,0
0.8,1.27,0.2,0.8,18.65,0
0.8,1.27,0.2,0.8,5.86,0
0.79,1.27,0.2,0.79,10.89,0
0.73,1.0,0.12,0.73,1.05,0
0.74,1.0,0.12,0.74,13.79,0
0.72,0.89,0.09,0.72,10.57,0
0.73,0.89,0.09,0.73,0.96,0
0.73,0.89,0.09,0.73,24.11,0
0.73,0.89,0.09,0.73,45.1,0
0.74,0.89,0.08,0.74,21.65,0
0.72,0.89,0.09,0.72,10.91,0
0.72,0.89,0.09,0.72,14.51,0
0.74,0.89,0.09,0.74,16.39,0
0.74,0.89,0.09,0.74,20.85,0
0.73,0.89,0.09,0.73,1.93,0
0.71,0.89,0.09,0.71,3.41,0
0.69,0.89,0.09,0.69,0.88,0
0.7,0.89,0.09,0.7,14.78,0
0.68,0.83,0.06,0.68,0.8,0
0.67,0.83,0.07,0.67,22.98,0
0.69,0.88,0.09,0.69,59.4,0
0.7,0.88,0.1,0.7,8.88,0
0.68,0.88,0.1,0.68,28.19,0
0.69,0.88,0.1,0.69,35.14,0
0.72,0.95,0.12,0.72,22.67,0
0.72,0.95,0.13,0.72,36.41,0
0.73,0.95,0.12,0.73,18.8,0
0.77,1.13,0.17,0.77,57.98,0
0.77,1.13,0.17,0.77,35.48,0
0.79,1.13,0.16,0.79,0.82,0
0.84,1.36,0.23,0.84,88.06,0
0.87,1.36,0.24,0.87,19.97,0
0.9,1.36,0.22,0.9,14.62,0
0.92,1.36,0.22,0.92,6.19,0
1.09,2.64,0.56,1.09,166.67,0
1.2,2.64,0.56,1.2,38.02,0
1.2,2.64,0.56,1.2,55.94,0
1.16,2.64,0.57,1.16,12.74,0
1.16,2.64,0.57,1.16,13.09,0
1.17,2.64,0.56,1.17,19.42,0
1.35,3.14,0.82,1.35,272.57,0
1.29,3.14,0.85,1.29,83.5,0
1.28,3.14,0.86,1.28,50.28,0
1.23,3.14,0.89,1.23,40.43,0
1.04,3.14,0.76,1.04,61.15,0
0.92,3.14,0.75,0.92,34.82,0
0.9,3.14,0.76,0.9,11.59,0
0.88,3.14,0.77,0.88,1.01,0
0.9,3.14,0.76,0.9,68.6,0
0.87,3.14,0.77,0.87,32.23,0
0.62,0.91,0.14,0.62,9.88,0
0.64,0.91,0.14,0.64,33.63,0
0.66,1.02,0.18,0.66,37.82,0
0.78,1.68,0.34,0.78,64.97,0
0.81,1.68,0.35,0.81,37.83,0
0.84,1.68,0.33,0.84,25.55,0
0.86,1.68,0.32,0.86,3.18,0
0.93,1.68,0.32,0.93,61.02,0
1.12,2.76,0.63,1.12,127.48,0
1.44,3.8,1.0,1.44,37.45,0
1.65,3.8,1.02,1.65,28.83,0
1.74,3.8,0.97,1.74,38.7,0
1.82,3.8,0.94,1.82,9.92,0
1.72,3.8,1.0,1.72,63.97,0
1.88,3.8,1.01,1.88,303.38,0
1.91,3.8,0.98,1.91,59.98,0
2.05,3.8,0.91,2.05,105.02,0
2.14,3.8,0.86,2.14,2.69,0
2.07,3.8,0.84,2.07,2.86,0
1.81,2.7,0.64,1.81,40.03,0
1.65,2.65,0.59,1.65,14.03,0
1.72,2.65,0.63,1.72,123.98,0
1.66,2.65,0.65,1.66,46.39,0
1.71,2.65,0.59,1.71,11.66,0
1.52,2.37,0.56,1.52,32.92,0
1.51,2.37,0.56,1.51,30.97,0
1.41,2.37,0.52,1.41,19.66,0
1.35,2.37,0.47,1.35,20.79,0
1.27,2.37,0.41,1.27,8.99,0
1.44,2.9,0.64,1.44,123.43,0
1.54,2.9,0.65,1.54,26.71,0
1.4,2.9,0.61,1.4,54.09,0
1.42,2.9,0.61,1.42,42.53,0
1.52,2.9,0.64,1.52,56.28,0
1.63,2.9,0.59,1.63,13.7,0
1.71,2.9,0.55,1.71,7.73,0
1.75,2.9,0.52,1.75,9.74,0
1.71,2.9,0.55,1.71,29.57,0
1.74,2.9,0.54,1.74,40.57,0
1.6,2.17,0.37,1.6,0.59,0
1.53,2.17,0.33,1.53,7.52,0
1.56,2.17,0.3,1.56,14.13,0
1.48,2.17,0.41,1.48,50.74,0
1.45,1.91,0.37,1.45,218.11,0
1.36,1.91,0.37,1.36,49.99,0
1.29,1.91,0.36,1.29,4.38,0
1.26,1.91,0.35,1.26,32.93,0
1.27,1.91,0.35,1.27,14.27,0
1.26,1.91,0.35,1.26,30.19,0
1.19,1.91,0.36,1.19,45.48,0
1.13,1.91,0.36,1.13,7.76,0
1.22,2.1,0.46,1.22,141.42,0
1.27,2.1,0.42,1.27,49.6,0
1.15,2.1,0.38,1.15,29.58,0
1.13,2.1,0.4,1.13,1.44,0
1.12,2.1,0.4,1.12,25.39,0
1.08,2.1,0.4,1.08,6.86,0
1.06,2.1,0.4,1.06,4.99,0
1.0,2.1,0.38,1.0,0.51,0
1.07,2.1,0.39,1.07,55.99,0
1.09,2.1,0.39,1.09,24.39,0
1.06,1.78,0.31,1.06,61.65,0
1.06,1.78,0.31,1.06,38.04,0
1.1,1.78,0.29,1.1,2.06,0
1.28,2.57,0.51,1.28,138.13,0
1.35,2.57,0.51,1.35,34.99,0
1.45,2.57,0.5,1.45,13.37,0
1.86,5.02,1.15,1.86,164.9,0
1.92,5.02,1.12,1.92,69.44,0
1.85,5.02,1.17,1.85,53.78,0
1.88,5.02,1.15,1.88,102.35,0
1.77,5.02,1.21,1.77,54.55,0
1.77,5.02,1.21,1.77,80.18,0
1.74,5.02,1.23,1.74,34.75,0
1.59,5.02,1.21,1.59,41.26,0
1.51,5.02,1.23,1.51,25.7,0
1.39,5.02,1.25,1.39,10.02,0
0.98,1.53,0.3,0.98,20.82,0
0.9,1.43,0.24,0.9,12.22,0
1.01,1.78,0.35,1.01,131.66,0
1.09,2.31,0.51,1.09,29.7,0
1.11,2.31,0.5,1.11,65.88,0
1.04,2.31,0.53,1.04,35.15,0
1.08,2.31,0.53,1.08,135.7,0
1.05,2.31,0.54,1.05,39.75,0
1.06,2.31,0.53,1.06,28.69,0
1.05,2.31,0.54,1.05,31.19,0
1.01,2.31,0.56,1.01,23.15,0
1.21,2.73,0.75,1.21,453.63,0
1.25,2.73,0.8,1.25,18.81,0
1.22,2.73,0.76,1.22,10.86,0
1.37,2.73,0.81,1.37,17.13,0
1.49,2.73,0.76,1.49,27.77,0
1.59,2.73,0.78,1.59,33.32,0
1.67,2.73,0.72,1.67,31.86,0
1.64,2.73,0.77,1.64,61.37,0
1.68,2.73,0.72,1.68,87.76,0
1.83,2.73,0.6,1.83,76.42,0
1.71,2.31,0.52,1.71,21.98,0
1.58,2.31,0.54,1.58,37.1,0
1.44,2.31,0.6,1.44,41.71,0
1.3,2.23,0.53,1.3,71.21,0
1.33,2.23,0.55,1.33,100.33,0
1.19,1.94,0.48,1.19,56.65,0
1.17,1.94,0.47,1.17,59.78,0
1.3,1.94,0.48,1.3,44.87,0
1.27,1.94,0.49,1.27,56.16,0
1.23,1.91,0.45,1.23,77.08,0
1.19,1.91,0.44,1.19,20.26,0
1.15,1.91,0.48,1.15,58.16,0
1.16,1.91,0.46,1.16,44.71,0
1.13,1.91,0.49,1.13,14.07,0
1.22,2.82,0.68,1.22,357.66,0
1.24,2.82,0.67,1.24,62.5,0
1.33,2.82,0.72,1.33,103.83,0
1.26,2.82,0.69,1.26,42.61,0
1.4,2.82,0.73,1.4,81.48,0
1.32,2.82,0.77,1.32,71.95,0
1.46,2.82,0.86,1.46,319.95,0
1.49,2.82,0.83,1.49,69.07,0
1.49,2.82,0.83,1.49,11.45,0
1.53,2.82,0.8,1.53,30.84,0
1.35,2.64,0.68,1.35,14.79,0
1.4,2.64,0.67,1.4,34.63,0
1.31,2.64,0.63,1.31,8.5,0
1.44,2.64,0.72,1.44,89.25,0
1.3,2.64,0.69,1.3,67.94,0
1.33,2.64,0.67,1.33,19.32,0
1.13,2.54,0.53,1.13,40.17,0
1.38,3.34,0.84,1.38,475.32,0
1.47,3.34,0.81,1.47,50.9,0
1.61,3.34,0.83,1.61,42.58,0
1.55,3.34,0.89,1.55,80.83,0
1.51,3.34,0.9,1.51,147.98,0
1.73,3.5,1.07,1.73,215.06,0
1.53,3.5,1.09,1.53,83.88,0
1.55,3.5,1.08,1.55,78.42,0
1.9,4.44,1.36,1.9,340.64,0
2.01,4.44,1.29,2.01,60.93,0
1.83,4.44,1.21,1.83,11.78,0
1.74,4.44,1.25,1.74,49.83,0
1.61,4.44,1.26,1.61,25.01,0
1.7,4.44,1.2,1.7,46.25,0
1.74,4.44,1.19,1.74,4.5,0
1.46,4.44,1.06,1.46,52.0,0
1.54,4.44,1.02,1.54,98.17,0
1.5,4.44,1.04,1.5,53.21,0
1.28,2.24,0.48,1.28,242.6,0
1.18,2.24,0.49,1.18,70.42,0
1.16,2.24,0.48,1.16,104.69,0
1.16,2.24,0.48,1.16,42.18,0
1.32,2.51,0.62,1.32,221.11,0
1.24,2.51,0.65,1.24,75.26,0
1.29,2.51,0.69,1.29,220.51,0
1.27,2.51,0.71,1.27,73.21,0
1.31,2.51,0.72,1.31,229.43,0
1.31,2.51,0.72,1.31,65.89,0
1.17,2.51,0.66,1.17,41.57,0
1.17,2.51,0.66,1.17,22.04,0
1.14,2.51,0.66,1.14,66.94,0
1.28,2.51,0.71,1.28,95.47,0
1.13,2.16,0.58,1.13,51.02,0
1.16,2.16,0.57,1.16,17.39,0
1.06,2.16,0.49,1.06,18.22,0
1.1,2.16,0.47,1.1,16.56,0
1.03,2.16,0.41,1.03,23.25,0
1.07,2.16,0.39,1.07,1.14,0
1.1,2.16,0.38,1.1,9.73,0
1.1,2.16,0.38,1.1,43.44,0
1.08,2.16,0.39,1.08,33.82,0
0.95,1.15,0.14,0.95,0.33,0
0.95,1.15,0.14,0.95,18.08,0
0.98,1.21,0.16,0.98,17.02,0
0.97,1.21,0.16,0.97,24.97,0
0.96,1.21,0.16,0.96,13.92,0
0.91,1.21,0.2,0.91,32.16,0
0.89,1.21,0.2,0.89,74.04,0
0.97,1.95,0.37,0.97,111.11,0
1.0,1.95,0.36,1.0,54.79,0
1.05,1.95,0.38,1.05,65.26,0
1.23,2.68,0.61,1.23,83.96,0
1.25,2.68,0.61,1.25,56.14,0
1.29,2.68,0.62,1.29,40.62,0
1.3,2.68,0.61,1.3,38.6,0
1.33,2.68,0.59,1.33,5.53,0
1.35,2.68,0.57,1.35,29.47,0
1.34,2.68,0.58,1.34,0.88,0
1.25,2.68,0.55,1.25,40.35,0
1.25,2.68,0.55,1.25,20.78,0
1.34,2.68,0.65,1.34,182.22,0
1.15,2.39,0.48,1.15,66.4,0
1.15,2.39,0.48,1.15,37.53,0
1.06,2.39,0.46,1.06,29.32,0
1.07,2.39,0.46,1.07,48.95,0
1.1,2.39,0.47,1.1,17.34,0
1.1,2.39,0.47,1.1,45.43,0
1.13,2.39,0.46,1.13,38.17,0
1.26,2.39,0.59,1.26,132.99,0
1.25,2.39,0.6,1.25,68.61,0
1.21,2.39,0.53,1.21,156.93,0
1.39,2.63,0.66,1.39,36.24,0
1.38,2.63,0.66,1.38,59.81,0
1.67,3.68,0.92,1.67,247.7,0
1.68,3.68,0.91,1.68,67.85,0
1.68,3.68,0.91,1.68,18.19,0
1.71,3.68,0.89,1.71,23.43,0
1.93,3.68,0.96,1.93,203.34,0
1.76,3.68,1.02,1.76,79.85,0
1.85,3.68,0.96,1.85,154.61,0
1.74,3.68,1.01,1.74,48.93,0
1.6,3.68,0.97,1.6,42.87,0
1.65,3.68,0.95,1.65,30.99,0
1.42,3.25,0.68,1.42,14.08,0
1.37,3.25,0.71,1.37,53.41,0
1.38,3.25,0.71,1.38,129.0,0
1.35,3.25,0.73,1.35,46.53,0
1.12,1.67,0.37,1.12,24.11,0
1.24,1.83,0.39,1.24,89.36,0
1.31,2.4,0.51,1.31,31.09,0
1.32,2.4,0.51,1.32,61.13,0
1.3,2.4,0.52,1.3,5.79,0
1.25,2.4,0.51,1.25,15.56,0
1.23,2.4,0.51,1.23,1.09,0
1.23,2.4,0.5,1.23,42.09,0
1.19,2.4,0.5,1.19,56.38,0
1.18,2.4,0.52,1.18,40.73,0
1.17,2.4,0.52,1.17,47.33,0
1.06,2.4,0.48,1.06,23.97,0
0.94,1.24,0.21,0.94,78.8,0
0.97,1.26,0.23,0.97,1.44,0
0.95,1.26,0.24,0.95,40.7,0
1.01,1.73,0.33,1.01,131.56,0
0.96,1.73,0.34,0.96,58.97,0
0.97,1.73,0.33,0.97,10.52,0
0.95,1.73,0.33,0.95,3.95,0
0.97,1.73,0.32,0.97,0.5,0
0.96,1.73,0.32,0.96,4.51,0
0.94,1.73,0.34,0.94,35.06,0
0.88,1.73,0.34,0.88,22.86,0
0.85,1.73,0.32,0.85,57.24,0
0.86,1.73,0.31,0.86,17.72,0
0.75,0.98,0.12,0.75,16.27,0
0.75,0.98,0.12,0.75,4.37,0
0.76,0.98,0.12,0.76,18.18,0
0.81,1.4,0.23,0.81,68.34,0
0.81,1.4,0.23,0.81,47.22,0
0.79,1.4,0.24,0.79,16.19,0
0.79,1.4,0.24,0.79,13.71,0
0.88,1.47,0.3,0.88,174.23,0
0.91,1.47,0.33,0.91,8.97,0
0.95,1.47,0.34,0.95,8.99,0
0.96,1.47,0.34,0.96,38.45,0
0.97,1.47,0.33,0.97,4.3,0
0.98,1.47,0.33,0.98,27.16,0
0.91,1.47,0.31,0.91,31.53,0
0.98,1.47,0.33,0.98,105.78,0
1.02,1.47,0.31,1.02,27.05,0
1.22,2.55,0.52,1.22,149.85,0
1.19,2.55,0.51,1.19,53.14,0
1.2,2.55,0.52,1.2,21.36,0
1.13,2.55,0.56,1.13,65.1,0
1.16,2.55,0.54,1.16,105.04,0
1.15,2.55,0.55,1.15,39.17,0
1.27,2.55,0.64,1.27,254.02,0
1.42,2.55,0.65,1.42,4.44,0
1.44,2.55,0.66,1.44,21.57,0
1.47,2.55,0.65,1.47,25.08,0
1.35,2.24,0.54,1.35,8.98,0
1.28,2.24,0.59,1.28,61.51,0
1.4,2.58,0.71,1.4,390.04,0
1.43,2.58,0.68,1.43,68.55,0
1.41,2.58,0.68,1.41,11.37,0
1.51,2.58,0.63,1.51,74.13,0
1.48,2.58,0.6,1.48,22.05,0
1.35,2.58,0.58,1.35,54.65,0
1.3,2.58,0.57,1.3,40.33,0
1.27,2.58,0.59,1.27,26.75,0
1.22,2.58,0.59,1.22,3.89,0
1.42,2.58,0.65,1.42,167.87,0
1.3,2.49,0.53,1.3,44.73,0
1.47,2.49,0.61,1.47,80.46,0
1.46,2.49,0.62,1.46,68.41,0
1.56,2.63,0.71,1.56,235.12,0
1.5,2.63,0.7,1.5,48.54,0
1.69,2.69,0.75,1.69,98.54,0
1.85,2.83,0.8,1.85,5.36,0
1.86,2.83,0.79,1.86,64.99,0
1.92,2.83,0.74,1.92,58.99,0
1.93,2.83,0.75,1.93,65.32,0
1.93,2.83,0.75,1.93,47.3,0
1.77,2.83,0.78,1.77,35.37,0
1.84,2.83,0.72,1.84,67.37,0
1.7,2.83,0.69,1.7,22.16,0
1.71,2.83,0.69,1.71,33.12,0
1.51,2.83,0.67,1.51,55.53,0
1.53,2.98,0.7,1.53,335.79,0
1.48,2.98,0.75,1.48,83.01,0
1.54,2.98,0.78,1.54,334.7,0
1.44,2.98,0.7,1.44,27.26,0
1.36,2.98,0.74,1.36,63.25,0
1.33,2.98,0.77,1.33,1.98,0
1.26,2.98,0.78,1.26,37.72,0
1.29,2.98,0.78,1.29,82.41,0
1.22,2.98,0.79,1.22,46.41,0
1.63,4.78,1.3,1.63,514.56,0
1.55,4.78,1.24,1.55,53.83,0
1.82,4.78,1.28,1.82,46.38,0
1.71,4.78,1.29,1.71,65.84,0
1.79,4.78,1.3,1.79,114.07,0
1.83,4.78,1.27,1.83,55.66,0
2.0,4.78,1.2,2.0,109.92,0
2.02,4.78,1.17,2.02,50.62,0
2.12,4.78,1.16,2.12,120.07,0
2.1,4.78,1.19,2.1,76.61,0
1.69,3.23,0.85,1.69,29.44,0
1.53,3.23,0.89,1.53,17.24,0
1.32,2.39,0.68,1.32,95.94,0
1.32,2.39,0.68,1.32,6.02,0
1.19,2.39,0.59,1.19,10.96,0
1.16,2.39,0.6,1.16,21.81,0
1.0,2.39,0.51,1.0,14.04,0
1.0,2.39,0.51,1.0,56.31,0
0.84,1.17,0.21,0.84,20.32,0
0.89,1.17,0.19,0.89,22.61,0
0.87,1.17,0.21,0.87,43.38,0
0.91,1.17,0.19,0.91,78.09,0
0.87,1.1,0.18,0.87,30.85,0
0.85,1.03,0.16,0.85,29.84,0
0.8,1.03,0.17,0.8,40.13,0
0.8,1.03,0.17,0.8,41.48,0
0.85,1.12,0.19,0.85,45.46,0
0.82,1.12,0.18,0.82,33.65,0
0.81,1.12,0.19,0.81,8.51,0
0.77,1.12,0.18,0.77,8.74,0
0.89,1.76,0.34,0.89,182.61,0
0.87,1.76,0.33,0.87,49.93,0
0.89,1.76,0.33,0.89,0.78,0
0.87,1.76,0.33,0.87,23.44,0
0.92,1.76,0.32,0.92,55.88,0
0.95,1.76,0.32,0.95,1.51,0
0.91,1.76,0.32,0.91,31.37,0
0.91,1.76,0.32,0.91,9.21,0
0.9,1.76,0.33,0.9,12.31,0
0.89,1.76,0.34,0.89,8.8,0
0.77,1.08,0.19,0.77,5.56,0
0.86,1.83,0.37,0.86,223.22,0
0.84,1.83,0.37,0.84,61.98,0
0.89,1.83,0.38,0.89,63.55,0
0.86,1.83,0.38,0.86,34.79,0
0.86,1.83,0.38,0.86,44.53,0
0.85,1.83,0.38,0.85,37.51,0
0.86,1.83,0.38,0.86,16.41,0
0.9,1.83,0.36,0.9,21.59,0
0.93,1.83,0.34,0.93,5.51,0
0.98,1.83,0.32,0.98,20.57,0
0.9,1.14,0.16,0.9,12.3,0
0.91,1.14,0.15,0.91,13.52,0
0.88,1.08,0.13,0.88,1.16,0
0.88,1.08,0.12,0.88,2.76,0
0.93,1.5,0.22,0.93,86.07,0
0.97,1.5,0.21,0.97,24.69,0
0.98,1.5,0.2,0.98,26.31,0
0.96,1.5,0.21,0.96,6.82,0
0.94,1.5,0.23,0.94,14.42,0
0.92,1.5,0.22,0.92,38.59,0
0.88,1.5,0.25,0.88,42.03,0
0.88,1.5,0.25,0.88,55.59,0
0.87,1.5,0.26,0.87,11.41,0
0.86,1.5,0.26,0.86,7.3,0
0.79,1.13,0.15,0.79,19.64,0
0.73,0.92,0.13,0.73,38.91,0
0.71,0.92,0.12,0.71,34.67,0
0.7,0.92,0.12,0.7,2.88,0
0.7,0.92,0.12,0.7,5.46,0
0.66,0.83,0.11,0.66,21.43,0
0.66,0.83,0.11,0.66,9.91,0
0.67,0.91,0.12,0.67,61.52,0
0.67,0.91,0.12,0.67,18.85,0
0.68,0.91,0.12,0.68,1.07,0
0.66,0.91,0.12,0.66,10.87,0
0.69,0.91,0.1,0.69,11.15,0
0.72,0.99,0.14,0.72,33.45,0
0.77,1.22,0.2,0.77,23.71,0
0.79,1.22,0.2,0.79,31.52,0
0.91,1.66,0.31,0.91,99.03,0
0.92,1.66,0.29,0.92,57.93,0
0.91,1.66,0.3,0.91,14.14,0
0.93,1.66,0.29,0.93,24.66,0
0.93,1.66,0.3,0.93,33.09,0
0.93,1.66,0.29,0.93,9.84,0
0.93,1.66,0.29,0.93,1.4,0
0.92,1.66,0.29,0.92,16.65,0
0.88,1.66,0.28,0.88,9.61,0
0.92,1.66,0.3,0.92,58.73,0
0.84,1.24,0.16,0.84,29.53,0
0.85,1.24,0.16,0.85,7.17,0
0.94,1.64,0.28,0.94,102.0,0
0.9,1.64,0.29,0.9,59.79,0
0.94,1.64,0.28,0.94,56.85,0
1.01,1.64,0.31,1.01,36.27,0
1.01,1.64,0.31,1.01,47.43,0
1.0,1.64,0.31,1.0,7.01,0
0.97,1.64,0.34,0.97,32.79,0
0.93,1.64,0.33,0.93,56.44,0
0.94,1.64,0.32,0.94,9.98,0
0.93,1.64,0.33,0.93,15.57,0
0.9,1.41,0.26,0.9,64.04,0
0.96,1.41,0.27,0.96,2.12,0
0.91,1.41,0.3,0.91,57.93,0
0.82,1.3,0.27,0.82,7.91,0
0.81,1.3,0.27,0.81,17.41,0
0.79,1.3,0.28,0.79,15.39,0
0.82,1.3,0.26,0.82,22.34,0
0.83,1.3,0.26,0.83,9.39,0
0.79,1.3,0.28,0.79,41.6,0
0.84,1.3,0.3,0.84,128.36,0
0.82,1.3,0.28,0.82,9.24,0
0.8,1.22,0.26,0.8,0.43,0
0.84,1.22,0.24,0.84,20.36,0
0.86,1.22,0.22,0.86,14.3,0
0.87,1.22,0.2,0.87,3.82,0
0.9,1.22,0.19,0.9,21.51,0
0.89,1.22,0.2,0.89,14.14,0
0.88,1.22,0.2,0.88,6.38,0
0.91,1.22,0.16,0.91,8.48,0
0.86,1.11,0.14,0.86,22.98,0
0.83,1.11,0.11,0.83,29.14,0
0.82,0.94,0.08,0.82,7.67,0
0.8,0.94,0.08,0.8,21.95,0
0.77,0.94,0.13,0.77,35.74,0
0.79,0.94,0.13,0.79,80.27,0
0.79,0.94,0.13,0.79,8.75,0
0.81,0.98,0.14,0.81,6.54,0
0.86,1.25,0.2,0.86,27.73,0
0.84,1.25,0.2,0.84,40.68,0
0.83,1.25,0.21,0.83,22.01,0
0.81,1.25,0.22,0.81,6.12,0
0.8,1.25,0.21,0.8,37.9,0
0.82,1.25,0.22,0.82,8.65,0
0.84,1.25,0.19,0.84,22.89,0
0.85,1.25,0.19,0.85,28.49,0
0.86,1.25,0.19,0.86,12.49,0
0.82,1.25,0.21,0.82,45.91,0
0.79,1.03,0.16,0.79,71.58,0
0.8,1.03,0.16,0.8,6.32,0
0.85,1.04,0.16,0.85,16.03,0
0.88,1.04,0.14,0.88,11.4,0
0.87,1.04,0.14,0.87,17.67,0
0.85,1.04,0.15,0.85,0.82,0
0.86,1.04,0.14,0.86,10.26,0
0.86,1.04,0.14,0.86,5.3,0
0.87,1.14,0.15,0.87,31.08,0
0.88,1.14,0.14,0.88,46.15,0
0.9,1.17,0.17,0.9,89.5,0
0.87,1.17,0.18,0.87,44.28,0
0.87,1.17,0.18,0.87,52.2,0
0.89,1.17,0.2,0.89,17.41,0
0.88,1.17,0.22,0.88,48.38,0
0.88,1.17,0.21,0.88,36.81,0
0.9,1.17,0.21,0.9,22.69,0
0.9,1.17,0.21,0.9,10.36,0
0.87,1.17,0.2,0.87,13.36,0
0.88,1.17,0.19,0.88,12.3,0
0.83,1.16,0.17,0.83,7.66,0
0.84,1.16,0.16,0.84,3.33,0
0.95,2.14,0.43,0.95,200.84,0
0.93,2.14,0.42,0.93,59.66,0
0.98,2.14,0.41,0.98,36.73,0
1.02,2.14,0.41,1.02,2.84,0
1.03,2.14,0.41,1.03,4.46,0
1.0,2.14,0.42,1.0,38.69,0
1.04,2.14,0.42,1.04,74.15,0
1.15,2.14,0.45,1.15,47.8,0
1.2,2.14,0.43,1.2,25.04,0
1.36,2.26,0.5,1.36,73.61,0
1.25,2.26,0.43,1.25,52.96,0
1.35,2.26,0.44,1.35,73.21,0
1.42,2.26,0.47,1.42,6.66,0
1.5,2.26,0.48,1.5,4.33,0
1.53,2.26,0.46,1.53,22.03,0
1.58,2.26,0.39,1.58,21.38,0
1.56,2.26,0.42,1.56,18.56,0
1.46,2.26,0.47,1.46,18.39,0
1.47,2.26,0.47,1.47,77.03,0
1.47,2.31,0.48,1.47,71.02,0
1.59,2.31,0.51,1.59,1.65,0
1.61,2.31,0.53,1.61,9.84,0
1.67,2.54,0.59,1.67,23.67,0
1.6,2.54,0.6,1.6,53.74,0
1.72,2.6,0.67,1.72,121.97,0
1.7,2.6,0.69,1.7,61.82,0
1.83,2.6,0.65,1.83,121.82,0
1.84,2.6,0.63,1.84,61.12,0
1.9,2.6,0.61,1.9,134.23,0
1.83,2.6,0.6,1.83,18.52,0
1.85,2.6,0.62,1.85,51.6,0
1.74,2.6,0.67,1.74,62.79,0
1.67,2.6,0.62,1.67,94.14,0
1.61,2.6,0.69,1.61,67.94,0
1.41,2.48,0.66,1.41,10.21,0
1.45,2.48,0.65,1.45,117.06,0
1.47,2.48,0.67,1.47,74.74,0
1.66,2.77,0.74,1.66,15.4,0
1.62,2.77,0.73,1.62,40.21,0
1.59,2.77,0.74,1.59,20.45,0
1.48,2.77,0.67,1.48,5.57,0
1.62,2.77,0.68,1.62,63.26,0
1.51,2.77,0.73,1.51,67.61,0
1.64,2.77,0.66,1.64,146.74,0
1.69,2.77,0.59,1.69,33.92,0
1.66,2.77,0.62,1.66,12.72,0
1.53,2.77,0.59,1.53,1.21,0
1.34,2.27,0.44,1.34,14.07,0
1.27,2.27,0.44,1.27,3.17,0
1.21,2.27,0.47,1.21,22.98,0
1.28,2.27,0.53,1.28,185.17,0
1.18,2.06,0.42,1.18,36.66,0
1.24,2.06,0.4,1.24,5.4,0
1.12,2.06,0.39,1.12,59.73,0
1.13,2.06,0.4,1.13,139.21,0
1.11,2.06,0.41,1.11,35.28,0
1.23,2.23,0.53,1.23,160.15,0
1.32,2.23,0.55,1.32,16.76,0
1.33,2.23,0.54,1.33,43.83,0
1.34,2.23,0.53,1.34,22.4,0
1.22,2.23,0.49,1.22,4.65,0
1.17,2.23,0.51,1.17,10.85,0
1.11,2.23,0.51,1.11,8.45,0
1.16,2.23,0.48,1.16,30.53,0
1.12,2.23,0.48,1.12,12.9,0
1.17,2.23,0.47,1.17,44.45,0
1.03,1.86,0.32,1.03,36.54,0
0.96,1.35,0.17,0.96,27.85,0
0.91,1.35,0.2,0.91,44.15,0
0.92,1.35,0.2,0.92,35.8,0
0.89,1.35,0.22,0.89,28.43,0
1.04,2.2,0.44,1.04,271.81,0
1.01,2.2,0.46,1.01,73.42,0
1.0,2.2,0.46,1.0,56.27,0
1.1,2.2,0.54,1.1,114.53,0
1.1,2.2,0.55,1.1,28.73,0
1.2,2.2,0.57,1.2,26.61,0
1.18,2.2,0.58,1.18,47.5,0
1.29,2.2,0.56,1.29,80.38,0
1.29,2.2,0.56,1.29,46.29,0
1.34,2.2,0.51,1.34,18.75,0
1.22,1.96,0.43,1.22,12.89,0
1.27,1.96,0.38,1.27,20.63,0
1.3,1.96,0.37,1.3,11.23,0
1.2,1.77,0.31,1.2,27.51,0
1.16,1.77,0.3,1.16,7.88,0
1.1,1.68,0.23,1.1,23.0,0
1.14,1.68,0.23,1.14,14.87,0
1.07,1.38,0.16,1.07,30.28,0
1.04,1.38,0.21,1.04,40.97,0
1.02,1.38,0.22,1.02,50.36,0
0.99,1.38,0.25,0.99,28.42,0
0.99,1.38,0.25,0.99,87.12,0
0.91,1.38,0.27,0.91,54.63,0
0.89,1.38,0.28,0.89,37.69,0
0.91,1.38,0.29,0.91,58.91,0
0.87,1.38,0.27,0.87,28.5,0
0.86,1.22,0.24,0.86,50.32,0
0.88,1.22,0.26,0.88,5.28,0
0.95,1.3,0.26,0.95,12.49,0
0.92,1.3,0.28,0.92,53.67,0
1.19,3.26,0.74,1.19,439.89,0
1.16,3.26,0.75,1.16,73.7,0
1.29,3.26,0.73,1.29,108.23,0
1.36,3.26,0.71,1.36,16.66,0
1.37,3.26,0.71,1.37,21.85,0
1.45,3.26,0.69,1.45,40.85,0
1.47,3.26,0.68,1.47,12.01,0
1.65,3.26,0.81,1.65,108.84,0
1.74,3.26,0.82,1.74,27.11,0
1.77,3.26,0.79,1.77,61.87,0
1.53,3.01,0.65,1.53,1.14,0
1.51,3.01,0.67,1.51,15.25,0
1.49,3.01,0.66,1.49,116.73,0
1.4,3.01,0.72,1.4,62.74,0
1.43,3.01,0.71,1.43,163.84,0
1.41,3.01,0.71,1.41,7.99,0
1.52,3.01,0.78,1.52,79.18,0
1.47,2.52,0.7,1.47,0.64,0
1.49,2.52,0.72,1.49,4.08,0
1.47,2.52,0.74,1.47,73.83,0
1.59,2.52,0.73,1.59,223.01,0
1.6,2.52,0.71,1.6,57.6,0
1.53,2.52,0.75,1.53,0.36,0
1.56,2.52,0.71,1.56,0.78,0
1.6,2.52,0.72,1.6,122.39,0
1.55,2.52,0.75,1.55,53.93,0
1.39,2.5,0.7,1.39,4.39,0
1.22,2.4,0.6,1.22,5.55,0
1.07,2.03,0.46,1.07,5.0,0
1.17,2.03,0.46,1.17,98.39,0
1.07,1.92,0.37,1.07,37.57,0
1.32,3.39,0.78,1.32,230.55,0
1.36,3.39,0.76,1.36,64.29,0
1.46,3.39,0.76,1.46,60.4,0
1.51,3.39,0.81,1.51,24.23,0
1.56,3.39,0.78,1.56,46.06,0
1.57,3.39,0.78,1.57,21.96,0
1.75,3.39,0.81,1.75,170.6,0
1.92,3.39,0.77,1.92,10.4,0
1.93,3.39,0.77,1.93,27.74,0
1.95,3.39,0.75,1.95,33.84,0
1.8,2.75,0.58,1.8,65.16,0
1.88,2.75,0.55,1.88,1.8,0
1.81,2.75,0.58,1.81,37.47,0
1.68,2.75,0.57,1.68,6.62,0
1.74,2.75,0.56,1.74,60.56,0
1.8,2.75,0.5,1.8,12.26,0
1.66,2.46,0.4,1.66,15.38,0
1.47,1.98,0.42,1.47,56.34,0
1.47,1.98,0.42,1.47,196.32,0
1.63,2.78,0.56,1.63,55.66,0
1.65,2.78,0.57,1.65,24.29,0
1.65,2.78,0.57,1.65,5.17,0
1.71,2.78,0.55,1.71,6.22,0
1.66,2.78,0.63,1.66,68.88,0
1.6,2.78,0.64,1.6,124.48,0
1.75,3.12,0.78,1.75,138.98,0
1.74,3.12,0.79,1.74,58.27,0
1.84,3.12,0.7,1.84,18.94,0
1.83,3.12,0.7,1.83,8.58,0
1.68,3.12,0.64,1.68,25.22,0
1.64,3.12,0.62,1.64,39.41,0
1.69,3.12,0.67,1.69,41.44,0
1.74,3.12,0.7,1.74,4.5,0
1.75,3.12,0.68,1.75,71.95,0
1.68,3.12,0.75,1.68,6.07,0
1.42,2.48,0.65,1.42,15.29,0
1.34,2.48,0.71,1.34,0.32,0
1.37,2.48,0.72,1.37,245.97,0
1.41,2.48,0.74,1.41,12.26,0
1.37,2.48,0.76,1.37,59.15,0
1.26,2.48,0.78,1.26,21.8,0
1.21,2.37,0.71,1.21,199.49,0
1.11,2.06,0.6,1.11,27.18,0
1.27,2.26,0.67,1.27,57.56,0
1.3,2.26,0.65,1.3,61.03,0
1.4,2.26,0.6,1.4,69.1,0
1.4,2.26,0.59,1.4,62.02,0
1.35,2.26,0.58,1.35,131.79,0
1.32,2.26,0.55,1.32,34.52,0
1.44,2.26,0.56,1.44,17.54,0
1.51,2.26,0.5,1.51,34.23,0
1.38,2.26,0.53,1.38,48.8,0
1.48,2.38,0.61,1.48,241.17,0
1.41,2.38,0.55,1.41,34.39,0
1.46,2.38,0.52,1.46,10.32,0
1.42,2.38,0.54,1.42,22.26,0
1.58,2.38,0.5,1.58,100.57,0
1.65,2.38,0.5,1.65,9.38,0
1.59,2.38,0.52,1.59,42.98,0
1.59,2.38,0.52,1.59,86.8,0
1.68,2.38,0.56,1.68,9.31,0
1.82,2.38,0.46,1.82,11.48,0
1.74,2.3,0.42,1.74,23.56,0
1.67,2.3,0.5,1.67,45.11,0
1.74,2.3,0.5,1.74,146.38,0
1.71,2.3,0.54,1.71,60.97,0
1.62,2.3,0.53,1.62,56.37,0
1.62,2.3,0.53,1.62,55.5,0
1.7,2.3,0.51,1.7,6.36,0
1.63,2.3,0.5,1.63,22.05,0
1.47,2.11,0.51,1.47,51.95,0
1.51,2.44,0.57,1.51,247.89,0
1.56,2.44,0.59,1.56,17.19,0
1.72,2.48,0.6,1.72,22.82,0
1.7,2.48,0.58,1.7,24.9,0
1.89,2.75,0.58,1.89,47.26,0
1.87,2.75,0.6,1.87,59.67,0
1.74,2.75,0.69,1.74,35.88,0
1.72,2.75,0.69,1.72,128.3,0
1.77,2.75,0.69,1.77,23.73,0
1.91,2.75,0.6,1.91,6.23,0
1.83,2.75,0.57,1.83,24.41,0
1.68,2.75,0.68,1.68,65.58,0
1.53,2.75,0.66,1.53,77.69,0
1.42,2.75,0.69,1.42,25.6,0
1.26,2.13,0.53,1.26,52.23,0
1.49,3.41,0.83,1.49,205.51,0
1.49,3.41,0.83,1.49,79.76,0
1.43,3.41,0.84,1.43,50.81,0
1.35,3.41,0.82,1.35,14.06,0
1.27,3.41,0.77,1.27,12.73,0
1.18,3.41,0.78,1.18,48.06,0
1.24,3.41,0.75,1.24,71.88,0
1.37,3.41,0.81,1.37,88.63,0
1.39,3.41,0.79,1.39,58.93,0
1.61,3.41,0.97,1.61,259.31,0
1.51,3.33,0.83,1.51,26.96,0
1.67,3.33,0.81,1.67,6.63,0
1.63,3.33,0.84,1.63,69.24,0
1.67,3.33,0.83,1.67,118.72,0
1.7,3.33,0.82,1.7,10.56,0
1.71,3.33,0.8,1.71,50.85,0
1.72,3.33,0.8,1.72,55.62,0
1.55,3.33,0.84,1.55,56.04,0
1.56,3.33,0.84,1.56,65.25,0
1.27,2.43,0.66,1.27,46.91,0
1.27,2.37,0.65,1.27,375.86,0
1.19,2.37,0.56,1.19,36.71,0
1.32,2.37,0.58,1.32,30.09,0
1.32,2.37,0.58,1.32,21.03,0
1.4,2.55,0.68,1.4,65.29,0
1.41,2.55,0.67,1.41,63.71,0
1.36,2.55,0.7,1.36,19.48,0
1.47,2.55,0.66,1.47,128.72,0
1.57,2.55,0.64,1.57,10.89,0
1.76,2.55,0.58,1.76,28.65,0
1.74,2.55,0.56,1.74,8.82,0
1.76,2.55,0.56,1.76,22.93,0
1.65,2.55,0.62,1.65,51.09,0
1.55,2.55,0.71,1.55,37.98,0
1.37,2.43,0.66,1.37,40.55,0
1.33,2.43,0.69,1.33,25.41,0
1.31,2.43,0.71,1.31,4.0,0
1.22,2.43,0.72,1.22,32.88,0
1.14,2.43,0.68,1.14,44.94,0
1.0,2.21,0.53,1.0,0.07,0
0.87,1.71,0.34,0.87,18.47,0
0.84,1.39,0.27,0.84,57.18,0
0.88,1.39,0.3,0.88,7.35,0
1.05,2.17,0.46,1.05,68.47,0
1.2,2.26,0.57,1.2,3.85,0
1.21,2.26,0.57,1.21,73.74,0
1.2,2.26,0.57,1.2,13.65,0
