Model,Fold,Accuracy,Macro F1,Recall A,Recall B,Recall C,Recall D
Logistic Regression,0,0.8227709790209791,0.6142667980453802,0.9926583052921383,0.96875,0.18014184397163122,0.208
Decision Tree,0,0.7141608391608392,0.6703084540759746,0.7072499235240135,0.9829545454545454,0.7191489361702128,0.412
Random Forest,0,0.8295454545454546,0.7134500244797756,0.8831446925665342,0.9886363636363636,0.6964539007092199,0.28
LightGBM,0,0.7159090909090909,0.6643905878709935,0.7051085959008871,0.9943181818181818,0.7446808510638298,0.384
Decision Tree + window15,0,0.7423513986013986,0.7104036846417598,0.7295809115937596,0.9943181818181818,0.7404255319148936,0.56
Logistic Regression,1,0.8236065573770491,0.6225662975864176,0.9865402263689201,0.9772727272727273,0.21022727272727273,0.204
Decision Tree,1,0.6721311475409836,0.6184624498621835,0.7002141327623126,0.9886363636363636,0.48863636363636365,0.376
Random Forest,1,0.8043715846994536,0.6700695915957439,0.8883450596512695,0.9914772727272727,0.515625,0.256
LightGBM,1,0.6786885245901639,0.612495716168957,0.6916488222698073,0.9914772727272727,0.5809659090909091,0.344
Decision Tree + window15,1,0.8583606557377049,0.7634123943251685,0.8739675741817069,0.9545454545454546,0.8934659090909091,0.42
Logistic Regression,2,0.8290336685614342,0.6358313785156162,0.9920464973998164,0.9772727272727273,0.19886363636363635,0.26104417670682734
Decision Tree,2,0.6480104940970703,0.6275505759193879,0.6485163658611196,0.9943181818181818,0.5397727272727273,0.4578313253012048
Random Forest,2,0.8255356362046349,0.7001833014884993,0.9045579687977975,0.9943181818181818,0.5582386363636364,0.30522088353413657
LightGBM,2,0.689768255356362,0.6247343157329913,0.6931783420006118,0.9943181818181818,0.6278409090909091,0.3895582329317269
Decision Tree + window15,2,0.8473983384346305,0.7724342292192912,0.8476598348118691,0.9943181818181818,0.8835227272727273,0.5341365461847389
Logistic Regression,3,0.8351912568306011,0.6544402111971958,0.9880697460997246,0.9914772727272727,0.25142045454545453,0.26
Decision Tree,3,0.7604371584699453,0.6321959171714735,0.8498011624349954,0.9971590909090909,0.3934659090909091,0.292
Random Forest,3,0.8181420765027322,0.6731782386760493,0.935454267360049,0.9971590909090909,0.3821022727272727,0.26
LightGBM,3,0.7228415300546448,0.6223101711984265,0.7782196390333436,1.0,0.4588068181818182,0.352
Decision Tree + window15,3,0.8830601092896175,0.8003334342982802,0.8944631385744876,0.9971590909090909,0.9105113636363636,0.496
Logistic Regression,4,0.8355565274436912,0.6523012212706131,0.9880697460997246,0.9715099715099715,0.2627840909090909,0.26104417670682734
Decision Tree,4,0.5939208397113492,0.5717118459145365,0.6029366778831446,0.9886039886039886,0.38636363636363635,0.5060240963855421
Random Forest,4,0.8093155477804505,0.6598045824071294,0.9210767818904864,0.9971509971509972,0.3835227272727273,0.28112449799196787
LightGBM,4,0.6649901596326263,0.5916415583076923,0.6922606301621291,0.9943019943019943,0.46875,0.39759036144578314
Decision Tree + window15,4,0.8152197682046797,0.7492232449825055,0.806056898133986,0.9772079772079773,0.8678977272727273,0.5582329317269076
