2026-09-04 12:20:50,3.79,0,1
2026-09-04 12:20:50,3.43,0,1
2026-09-04 12:20:50,3.52,0,1
2026-09-04 12:20:50,5.21,0,1
2026-09-04 12:20:50,3.51,0,1
2026-09-04 12:20:51,3.5,0,1
2026-09-04 12:20:51,3.57,0,1
2026-09-04 12:20:51,3.87,0,1
2026-09-04 12:20:51,4.9,0,1
2026-09-04 12:20:51,3.38,0,1
2026-09-04 12:20:51,3.07,0,1
2026-09-04 12:20:51,3.55,0,1
2026-09-04 12:20:51,3.1,0,1
2026-09-04 12:20:51,3.5,0,1
2026-09-04 12:20:51,3.04,0,1
2026-09-04 12:20:52,3.8,0,1
2026-09-04 12:20:52,3.93,0,1
2026-09-04 12:20:52,4.15,0,1
2026-09-04 12:20:52,4.37,0,1
2026-09-04 12:20:52,3.49,0,1
2026-09-04 12:20:52,3.6,0,1
2026-09-04 12:20:52,5.39,0,1
2026-09-04 12:20:52,5.68,0,1
2026-09-04 12:20:52,3.86,0,1
2026-09-04 12:20:53,3.3,0,1
2026-09-04 12:20:53,3.46,0,1
2026-09-04 12:20:53,3.99,0,1
2026-09-04 12:20:53,4.38,0,1
2026-09-04 12:20:53,3.64,0,1
2026-09-04 12:20:53,3.7,0,1
2026-09-04 12:20:53,3.54,0,1
2026-09-04 12:20:53,2.88,0,1
2026-09-04 12:20:53,4.63,0,1
2026-09-04 12:20:53,4.46,0,1
2026-09-04 12:20:54,3.32,0,1
2026-09-04 12:20:54,3.97,0,1
2026-09-04 12:20:54,3.46,0,1
2026-09-04 12:20:54,3.05,0,1
2026-09-04 12:20:54,3.43,0,1
2026-09-04 12:20:54,4.14,0,1
2026-09-04 12:20:54,4.14,0,1
2026-09-04 12:20:54,3.25,0,1
2026-09-04 12:20:54,4.04,0,1
2026-09-04 12:20:54,3.55,0,1
2026-09-04 12:20:55,3.59,0,1
2026-09-04 12:20:55,3.57,0,1
2026-09-04 12:20:55,4.07,0,1
2026-09-04 12:20:55,2.97,0,1
2026-09-04 12:20:56,5000,1,1
2026-09-04 12:20:57,5000,1,1
2026-09-04 12:20:58,5000,1,1
2026-09-04 12:20:59,5000,1,1
2026-09-04 12:21:00,5000,1,1
2026-09-04 12:21:02,5000,1,1
2026-09-04 12:21:03,5000,1,1
2026-09-04 12:21:04,5000,1,1
2026-09-04 12:21:05,5000,1,1
2026-09-04 12:21:06,5000,1,1
2026-09-04 12:21:07,5000,1,1
2026-09-04 12:21:08,5000,1,1
2026-09-04 12:21:09,5000,1,1
2026-09-04 12:23:40,3.11,0,1
2026-09-04 12:23:40,3.32,0,1
2026-09-04 12:23:40,3.45,0,1
2026-09-04 12:23:41,3.73,0,1
2026-09-04 12:23:41,3.11,0,1
2026-09-04 12:23:41,4.34,0,1
2026-09-04 12:23:41,4.45,0,1
2026-09-04 12:23:41,3.54,0,1
2026-09-04 12:23:41,2.67,0,1
2026-09-04 12:23:41,3.53,0,1
2026-09-04 12:23:41,3.94,0,1
2026-09-04 12:23:41,3.31,0,1
2026-09-04 12:23:41,3.03,0,1
2026-09-04 12:23:42,3.58,0,1
2026-09-04 12:23:42,3.03,0,1
2026-09-04 12:23:42,3.96,0,1
2026-09-04 12:23:42,4.5,0,1
2026-09-04 12:23:42,4.13,0,1
2026-09-04 12:23:42,3.15,0,1
2026-09-04 12:23:42,3.92,0,1
2026-09-04 12:23:42,4.75,0,1
2026-09-04 12:23:42,4.84,0,1
2026-09-04 12:23:42,3.75,0,1
2026-09-04 12:23:43,3.93,0,1
2026-09-04 12:23:43,3.58,0,1
2026-09-04 12:23:43,3.75,0,1
2026-09-04 12:23:43,4.56,0,1
2026-09-04 12:23:43,3.49,0,1
2026-09-04 12:23:43,3.23,0,1
2026-09-04 12:23:43,4.29,0,1
2026-09-04 12:23:43,4.94,0,1
2026-09-04 12:23:43,3.26,0,1
2026-09-04 12:23:44,4.31,0,1
2026-09-04 12:23:44,2.67,0,1
2026-09-04 12:23:44,3.56,0,1
2026-09-04 12:23:44,3.58,0,1
2026-09-04 12:23:44,3.9,0,1
2026-09-04 12:23:44,3.87,0,1
2026-09-04 12:23:44,2.86,0,1
2026-09-04 12:23:44,3.3,0,1
2026-09-04 12:23:44,2.63,0,1
2026-09-04 12:23:44,3.56,0,1
2026-09-04 12:23:45,3.04,0,1
2026-09-04 12:23:45,2.68,0,1
2026-09-04 12:23:45,3.26,0,1
2026-09-04 12:23:45,4.36,0,1
2026-09-04 12:23:45,4.45,0,1
2026-09-04 12:23:45,3.64,0,1
2026-09-04 12:23:46,5000,1,1
2026-09-04 12:23:47,5000,1,1
2026-09-04 12:23:48,5000,1,1
2026-09-04 12:23:50,5000,1,1
2026-09-04 12:23:51,5000,1,1
2026-09-04 12:23:52,5000,1,1
2026-09-04 12:23:53,5000,1,1
2026-09-04 12:23:54,5000,1,1
2026-09-04 12:23:55,5000,1,1
2026-09-04 12:23:56,5000,1,1
2026-09-04 12:23:57,5000,1,1
2026-09-04 12:23:58,5000,1,1
2026-09-04 12:23:59,5000,1,1
2026-09-04 12:26:30,3.37,0,1
2026-09-04 12:26:30,3.17,0,1
2026-09-04 12:26:31,3.65,0,1
2026-09-04 12:26:31,3.85,0,1
2026-09-04 12:26:31,2.65,0,1
2026-09-04 12:26:31,4.0,0,1
2026-09-04 12:26:31,3.76,0,1
2026-09-04 12:26:31,4.1,0,1
2026-09-04 12:26:31,3.0,0,1
2026-09-04 12:26:31,2.43,0,1
2026-09-04 12:26:31,3.56,0,1
2026-09-04 12:26:32,2.9,0,1
2026-09-04 12:26:32,3.51,0,1
2026-09-04 12:26:32,4.1,0,1
2026-09-04 12:26:32,4.63,0,1
2026-09-04 12:26:32,3.32,0,1
2026-09-04 12:26:32,3.46,0,1
2026-09-04 12:26:32,4.77,0,1
2026-09-04 12:26:32,3.76,0,1
2026-09-04 12:26:32,3.5,0,1
2026-09-04 12:26:32,3.82,0,1
2026-09-04 12:26:33,4.07,0,1
2026-09-04 12:26:33,4.25,0,1
2026-09-04 12:26:33,4.96,0,1
2026-09-04 12:26:33,4.13,0,1
2026-09-04 12:26:33,4.29,0,1
2026-09-04 12:26:33,3.66,0,1
2026-09-04 12:26:33,4.06,0,1
2026-09-04 12:26:33,3.93,0,1
2026-09-04 12:26:33,5.24,0,1
2026-09-04 12:26:34,4.46,0,1
2026-09-04 12:26:34,2.75,0,1
2026-09-04 12:26:34,2.88,0,1
2026-09-04 12:26:34,3.77,0,1
2026-09-04 12:26:34,4.47,0,1
2026-09-04 12:26:34,3.91,0,1
2026-09-04 12:26:34,3.98,0,1
2026-09-04 12:26:34,3.92,0,1
2026-09-04 12:26:34,3.76,0,1
2026-09-04 12:26:34,3.76,0,1
2026-09-04 12:26:35,3.32,0,1
2026-09-04 12:26:35,3.03,0,1
2026-09-04 12:26:35,3.41,0,1
2026-09-04 12:26:35,3.28,0,1
2026-09-04 12:26:35,3.96,0,1
2026-09-04 12:26:35,3.59,0,1
2026-09-04 12:26:35,2.99,0,1
2026-09-04 12:26:35,2.71,0,1
2026-09-04 12:26:36,5000,1,1
2026-09-04 12:26:38,5000,1,1
2026-09-04 12:26:39,5000,1,1
2026-09-04 12:26:40,5000,1,1
2026-09-04 12:26:41,5000,1,1
2026-09-04 12:26:42,5000,1,1
2026-09-04 12:26:43,5000,1,1
2026-09-04 12:26:44,5000,1,1
2026-09-04 12:26:45,5000,1,1
2026-09-04 12:26:46,5000,1,1
2026-09-04 12:26:47,5000,1,1
2026-09-04 12:26:49,5000,1,1
2026-09-04 12:26:50,5000,1,1
2026-09-04 12:29:21,31.85,0,1
2026-09-04 12:29:21,6.82,0,1
2026-09-04 12:29:21,31.48,0,1
2026-09-04 12:29:21,33.19,0,1
2026-09-04 12:29:21,27.69,0,1
2026-09-04 12:29:21,3.69,0,1
2026-09-04 12:29:21,29.69,0,1
2026-09-04 12:29:22,21.8,0,1
2026-09-04 12:29:22,31.13,0,1
2026-09-04 12:29:22,31.23,0,1
2026-09-04 12:29:22,32.71,0,1
2026-09-04 12:29:22,22.36,0,1
2026-09-04 12:29:22,32.25,0,1
2026-09-04 12:29:22,31.72,0,1
2026-09-04 12:29:23,32.16,0,1
2026-09-04 12:29:23,31.74,0,1
2026-09-04 12:29:23,6.35,0,1
2026-09-04 12:29:23,32.63,0,1
2026-09-04 12:29:23,11.99,0,1
2026-09-04 12:29:23,32.31,0,1
2026-09-04 12:29:23,30.52,0,1
2026-09-04 12:29:23,16.02,0,1
2026-09-04 12:29:24,8.49,0,1
2026-09-04 12:29:24,31.68,0,1
2026-09-04 12:29:24,30.79,0,1
2026-09-04 12:29:24,17.67,0,1
2026-09-04 12:29:24,19.63,0,1
2026-09-04 12:29:24,31.61,0,1
2026-09-04 12:29:24,31.15,0,1
2026-09-04 12:29:24,15.25,0,1
2026-09-04 12:29:25,15.64,0,1
2026-09-04 12:29:25,32.18,0,1
2026-09-04 12:29:25,31.48,0,1
2026-09-04 12:29:25,32.61,0,1
2026-09-04 12:29:25,33.48,0,1
2026-09-04 12:29:25,16.97,0,1
2026-09-04 12:29:25,7.49,0,1
2026-09-04 12:29:25,4.87,0,1
2026-09-04 12:29:27,5000,1,1
2026-09-04 12:29:28,5000,1,1
2026-09-04 12:29:29,5000,1,1
2026-09-04 12:29:30,5000,1,1
2026-09-04 12:29:31,5000,1,1
2026-09-04 12:29:32,5000,1,1
2026-09-04 12:29:33,5000,1,1
2026-09-04 12:29:34,5000,1,1
2026-09-04 12:29:36,5000,1,1
2026-09-04 12:29:37,5000,1,1
2026-09-04 12:29:38,5000,1,1
2026-09-04 12:29:39,5000,1,1
2026-09-04 12:29:40,5000,1,1
2026-09-04 12:32:11,25.39,0,1
2026-09-04 12:32:11,24.61,0,1
2026-09-04 12:32:11,31.27,0,1
2026-09-04 12:32:11,31.26,0,1
2026-09-04 12:32:11,3.61,0,1
2026-09-04 12:32:11,3.83,0,1
2026-09-04 12:32:12,31.21,0,1
2026-09-04 12:32:12,31.12,0,1
2026-09-04 12:32:12,32.03,0,1
2026-09-04 12:32:12,18.17,0,1
2026-09-04 12:32:12,31.17,0,1
2026-09-04 12:32:12,15.18,0,1
2026-09-04 12:32:12,7.57,0,1
2026-09-04 12:32:13,31.98,0,1
2026-09-04 12:32:13,30.54,0,1
2026-09-04 12:32:13,17.73,0,1
2026-09-04 12:32:13,31.24,0,1
2026-09-04 12:32:13,31.95,0,1
2026-09-04 12:32:13,31.2,0,1
2026-09-04 12:32:13,31.81,0,1
2026-09-04 12:32:14,33.92,0,1
2026-09-04 12:32:14,15.7,0,1
2026-09-04 12:32:14,22.26,0,1
2026-09-04 12:32:14,33.42,0,1
2026-09-04 12:32:14,27.8,0,1
2026-09-04 12:32:14,25.8,0,1
2026-09-04 12:32:14,32.27,0,1
2026-09-04 12:32:14,32.23,0,1
2026-09-04 12:32:15,20.9,0,1
2026-09-04 12:32:15,31.01,0,1
2026-09-04 12:32:15,30.05,0,1
2026-09-04 12:32:15,15.17,0,1
2026-09-04 12:32:15,31.26,0,1
2026-09-04 12:32:15,32.21,0,1
2026-09-04 12:32:15,29.62,0,1
2026-09-04 12:32:16,31.34,0,1
2026-09-04 12:32:16,31.29,0,1
2026-09-04 12:32:16,33.13,0,1
2026-09-04 12:32:17,5000,1,1
2026-09-04 12:32:18,5000,1,1
2026-09-04 12:32:19,5000,1,1
2026-09-04 12:32:20,5000,1,1
2026-09-04 12:32:21,5000,1,1
2026-09-04 12:32:23,5000,1,1
2026-09-04 12:32:24,5000,1,1
2026-09-04 12:32:25,5000,1,1
2026-09-04 12:32:26,5000,1,1
2026-09-04 12:32:27,5000,1,1
2026-09-04 12:32:28,5000,1,1
2026-09-04 12:32:29,5000,1,1
2026-09-04 12:32:30,5000,1,1
2026-09-04 12:35:01,30.23,0,1
2026-09-04 12:35:01,15.42,0,1
2026-09-04 12:35:01,30.76,0,1
2026-09-04 12:35:02,33.5,0,1
2026-09-04 12:35:02,15.56,0,1
2026-09-04 12:35:02,32.63,0,1
2026-09-04 12:35:02,30.19,0,1
2026-09-04 12:35:02,30.73,0,1
2026-09-04 12:35:02,30.0,0,1
2026-09-04 12:35:02,31.94,0,1
2026-09-04 12:35:02,16.28,0,1
2026-09-04 12:35:03,30.38,0,1
2026-09-04 12:35:03,31.85,0,1
2026-09-04 12:35:03,32.0,0,1
2026-09-04 12:35:03,30.87,0,1
2026-09-04 12:35:03,31.41,0,1
2026-09-04 12:35:03,8.59,0,1
2026-09-04 12:35:03,29.0,0,1
2026-09-04 12:35:04,15.88,0,1
2026-09-04 12:35:04,31.73,0,1
2026-09-04 12:35:04,8.8,0,1
2026-09-04 12:35:04,32.13,0,1
2026-09-04 12:35:04,32.22,0,1
2026-09-04 12:35:04,25.46,0,1
2026-09-04 12:35:04,28.78,0,1
2026-09-04 12:35:04,30.61,0,1
2026-09-04 12:35:05,33.44,0,1
2026-09-04 12:35:05,21.07,0,1
2026-09-04 12:35:05,32.27,0,1
2026-09-04 12:35:05,31.9,0,1
2026-09-04 12:35:05,33.38,0,1
2026-09-04 12:35:05,33.15,0,1
2026-09-04 12:35:05,31.97,0,1
2026-09-04 12:35:06,5.94,0,1
2026-09-04 12:35:06,30.88,0,1
2026-09-04 12:35:06,31.38,0,1
2026-09-04 12:35:06,30.95,0,1
2026-09-04 12:35:07,5000,1,1
2026-09-04 12:35:08,5000,1,1
2026-09-04 12:35:09,5000,1,1
2026-09-04 12:35:10,5000,1,1
2026-09-04 12:35:12,5000,1,1
2026-09-04 12:35:13,5000,1,1
2026-09-04 12:35:14,5000,1,1
2026-09-04 12:35:15,5000,1,1
2026-09-04 12:35:16,5000,1,1
2026-09-04 12:35:17,5000,1,1
2026-09-04 12:35:18,5000,1,1
2026-09-04 12:35:19,5000,1,1
2026-09-04 12:35:20,5000,1,1
2026-09-04 12:37:51,3.14,0,1
2026-09-04 12:37:51,2.94,0,1
2026-09-04 12:37:52,2.88,0,1
2026-09-04 12:37:52,3.17,0,1
2026-09-04 12:37:52,2.86,0,1
2026-09-04 12:37:52,4.5,0,1
2026-09-04 12:37:52,3.95,0,1
2026-09-04 12:37:52,3.93,0,1
2026-09-04 12:37:52,3.03,0,1
2026-09-04 12:37:52,4.76,0,1
2026-09-04 12:37:52,2.66,0,1
2026-09-04 12:37:53,3.2,0,1
2026-09-04 12:37:53,3.96,0,1
2026-09-04 12:37:53,3.37,0,1
2026-09-04 12:37:53,3.21,0,1
2026-09-04 12:37:53,2.56,0,1
2026-09-04 12:37:53,3.97,0,1
2026-09-04 12:37:53,2.94,0,1
2026-09-04 12:37:53,2.46,0,1
2026-09-04 12:37:53,3.33,0,1
2026-09-04 12:37:53,3.41,0,1
2026-09-04 12:37:54,3.57,0,1
2026-09-04 12:37:54,3.45,0,1
2026-09-04 12:37:54,2.88,0,1
2026-09-04 12:37:54,3.95,0,1
2026-09-04 12:37:54,3.44,0,1
2026-09-04 12:37:54,3.68,0,1
2026-09-04 12:37:54,3.4,0,1
2026-09-04 12:37:54,2.97,0,1
2026-09-04 12:37:54,3.75,0,1
2026-09-04 12:37:55,3.47,0,1
2026-09-04 12:37:55,4.57,0,1
2026-09-04 12:37:55,3.41,0,1
2026-09-04 12:37:55,3.21,0,1
2026-09-04 12:37:55,3.15,0,1
2026-09-04 12:37:55,3.07,0,1
2026-09-04 12:37:55,2.74,0,1
2026-09-04 12:37:55,29.56,0,1
2026-09-04 12:37:55,31.43,0,1
2026-09-04 12:37:56,31.34,0,1
2026-09-04 12:37:56,31.96,0,1
2026-09-04 12:37:56,31.71,0,1
2026-09-04 12:37:56,31.9,0,1
2026-09-04 12:37:56,30.81,0,1
2026-09-04 12:37:56,31.21,0,1
2026-09-04 12:37:57,5000,1,1
2026-09-04 12:37:58,5000,1,1
2026-09-04 12:38:00,5000,1,1
2026-09-04 12:38:01,5000,1,1
2026-09-04 12:38:02,5000,1,1
2026-09-04 12:38:03,5000,1,1
2026-09-04 12:38:04,5000,1,1
2026-09-04 12:38:05,5000,1,1
2026-09-04 12:38:06,5000,1,1
2026-09-04 12:38:07,5000,1,1
2026-09-04 12:38:08,5000,1,1
2026-09-04 12:38:10,5000,1,1
2026-09-04 12:38:11,5000,1,1
2026-09-04 12:40:42,2.67,0,1
2026-09-04 12:40:42,3.51,0,1
2026-09-04 12:40:42,5.07,0,1
2026-09-04 12:40:42,4.91,0,1
2026-09-04 12:40:42,4.26,0,1
2026-09-04 12:40:42,3.77,0,1
2026-09-04 12:40:42,4.31,0,1
2026-09-04 12:40:42,3.14,0,1
2026-09-04 12:40:42,3.78,0,1
2026-09-04 12:40:43,3.51,0,1
2026-09-04 12:40:43,3.95,0,1
2026-09-04 12:40:43,3.83,0,1
2026-09-04 12:40:43,4.25,0,1
2026-09-04 12:40:43,3.14,0,1
2026-09-04 12:40:43,3.67,0,1
2026-09-04 12:40:43,3.05,0,1
2026-09-04 12:40:43,3.98,0,1
2026-09-04 12:40:43,4.26,0,1
2026-09-04 12:40:43,3.79,0,1
2026-09-04 12:40:44,3.77,0,1
2026-09-04 12:40:44,3.9,0,1
2026-09-04 12:40:44,3.14,0,1
2026-09-04 12:40:44,3.53,0,1
2026-09-04 12:40:44,3.7,0,1
2026-09-04 12:40:44,4.74,0,1
2026-09-04 12:40:44,4.75,0,1
2026-09-04 12:40:44,3.25,0,1
2026-09-04 12:40:44,3.27,0,1
2026-09-04 12:40:45,3.26,0,1
2026-09-04 12:40:45,3.72,0,1
2026-09-04 12:40:45,3.94,0,1
2026-09-04 12:40:45,5.32,0,1
2026-09-04 12:40:45,3.6,0,1
2026-09-04 12:40:45,3.78,0,1
2026-09-04 12:40:45,4.44,0,1
2026-09-04 12:40:45,4.48,0,1
2026-09-04 12:40:45,3.5,0,1
2026-09-04 12:40:45,4.13,0,1
2026-09-04 12:40:46,5.11,0,1
2026-09-04 12:40:46,3.89,0,1
2026-09-04 12:40:46,5.05,0,1
2026-09-04 12:40:46,4.69,0,1
2026-09-04 12:40:46,4.03,0,1
2026-09-04 12:40:46,3.07,0,1
2026-09-04 12:40:46,3.54,0,1
2026-09-04 12:40:46,3.96,0,1
2026-09-04 12:40:46,3.09,0,1
2026-09-04 12:40:48,5000,1,1
2026-09-04 12:40:49,5000,1,1
2026-09-04 12:40:50,5000,1,1
2026-09-04 12:40:51,5000,1,1
2026-09-04 12:40:52,5000,1,1
2026-09-04 12:40:53,5000,1,1
2026-09-04 12:40:54,5000,1,1
2026-09-04 12:40:55,5000,1,1
2026-09-04 12:40:56,5000,1,1
2026-09-04 12:40:58,5000,1,1
2026-09-04 12:40:59,5000,1,1
2026-09-04 12:41:00,5000,1,1
2026-09-04 12:41:01,971.48,0,1
2026-09-04 12:43:32,3.39,0,1
2026-09-04 12:43:32,3.78,0,1
2026-09-04 12:43:32,3.85,0,1
2026-09-04 12:43:32,5.13,0,1
2026-09-04 12:43:32,3.51,0,1
2026-09-04 12:43:32,3.74,0,1
2026-09-04 12:43:32,4.23,0,1
2026-09-04 12:43:32,4.2,0,1
2026-09-04 12:43:33,4.01,0,1
2026-09-04 12:43:33,4.7,0,1
2026-09-04 12:43:33,3.39,0,1
2026-09-04 12:43:33,3.37,0,1
2026-09-04 12:43:33,4.49,0,1
2026-09-04 12:43:33,5.74,0,1
2026-09-04 12:43:33,4.29,0,1
2026-09-04 12:43:33,6.48,0,1
2026-09-04 12:43:33,3.59,0,1
2026-09-04 12:43:34,4.25,0,1
2026-09-04 12:43:34,3.6,0,1
2026-09-04 12:43:34,3.58,0,1
2026-09-04 12:43:34,3.79,0,1
2026-09-04 12:43:34,2.82,0,1
2026-09-04 12:43:34,3.96,0,1
2026-09-04 12:43:34,3.51,0,1
2026-09-04 12:43:34,3.16,0,1
2026-09-04 12:43:34,3.42,0,1
2026-09-04 12:43:34,3.35,0,1
2026-09-04 12:43:35,3.49,0,1
2026-09-04 12:43:35,5.21,0,1
2026-09-04 12:43:35,4.45,0,1
2026-09-04 12:43:35,3.98,0,1
2026-09-04 12:43:35,5.61,0,1
2026-09-04 12:43:35,3.42,0,1
2026-09-04 12:43:35,3.47,0,1
2026-09-04 12:43:35,4.47,0,1
2026-09-04 12:43:35,3.29,0,1
2026-09-04 12:43:36,3.46,0,1
2026-09-04 12:43:36,4.17,0,1
2026-09-04 12:43:36,4.37,0,1
2026-09-04 12:43:36,5.47,0,1
2026-09-04 12:43:36,3.91,0,1
2026-09-04 12:43:36,4.98,0,1
2026-09-04 12:43:36,2.36,0,1
2026-09-04 12:43:36,4.37,0,1
2026-09-04 12:43:36,4.55,0,1
2026-09-04 12:43:36,3.42,0,1
2026-09-04 12:43:37,5.62,0,1
2026-09-04 12:43:38,5000,1,1
2026-09-04 12:43:39,5000,1,1
2026-09-04 12:43:40,5000,1,1
2026-09-04 12:43:41,5000,1,1
2026-09-04 12:43:42,5000,1,1
2026-09-04 12:43:43,5000,1,1
2026-09-04 12:43:44,5000,1,1
2026-09-04 12:43:45,5000,1,1
2026-09-04 12:43:47,5000,1,1
2026-09-04 12:43:48,5000,1,1
2026-09-04 12:43:49,5000,1,1
2026-09-04 12:43:50,5000,1,1
2026-09-04 12:43:51,5000,1,1
2026-09-04 12:46:22,3.78,0,1
2026-09-04 12:46:22,3.98,0,1
2026-09-04 12:46:22,3.47,0,1
2026-09-04 12:46:22,2.62,0,1
2026-09-04 12:46:22,3.77,0,1
2026-09-04 12:46:22,6.12,0,1
2026-09-04 12:46:23,4.7,0,1
2026-09-04 12:46:23,3.47,0,1
2026-09-04 12:46:23,3.49,0,1
2026-09-04 12:46:23,2.86,0,1
2026-09-04 12:46:23,4.32,0,1
2026-09-04 12:46:23,5.78,0,1
2026-09-04 12:46:23,3.71,0,1
2026-09-04 12:46:23,3.35,0,1
2026-09-04 12:46:23,3.07,0,1
2026-09-04 12:46:23,3.34,0,1
2026-09-04 12:46:24,3.96,0,1
2026-09-04 12:46:24,3.17,0,1
2026-09-04 12:46:24,2.85,0,1
2026-09-04 12:46:24,4.94,0,1
2026-09-04 12:46:24,3.71,0,1
2026-09-04 12:46:24,3.97,0,1
2026-09-04 12:46:24,3.87,0,1
2026-09-04 12:46:24,3.7,0,1
2026-09-04 12:46:24,3.87,0,1
2026-09-04 12:46:25,3.97,0,1
2026-09-04 12:46:25,4.11,0,1
2026-09-04 12:46:25,3.18,0,1
2026-09-04 12:46:25,5.46,0,1
2026-09-04 12:46:25,3.71,0,1
2026-09-04 12:46:25,3.45,0,1
2026-09-04 12:46:25,4.37,0,1
2026-09-04 12:46:25,3.87,0,1
2026-09-04 12:46:25,5.1,0,1
2026-09-04 12:46:25,4.8,0,1
2026-09-04 12:46:26,4.17,0,1
2026-09-04 12:46:26,3.86,0,1
2026-09-04 12:46:26,4.65,0,1
2026-09-04 12:46:26,3.24,0,1
2026-09-04 12:46:26,4.32,0,1
2026-09-04 12:46:26,3.27,0,1
2026-09-04 12:46:26,3.4,0,1
2026-09-04 12:46:26,3.68,0,1
2026-09-04 12:46:26,2.95,0,1
2026-09-04 12:46:27,3.56,0,1
2026-09-04 12:46:27,3.45,0,1
2026-09-04 12:46:27,2.95,0,1
2026-09-04 12:46:27,3.73,0,1
2026-09-04 12:46:28,5000,1,1
2026-09-04 12:46:29,5000,1,1
2026-09-04 12:46:30,5000,1,1
2026-09-04 12:46:31,5000,1,1
2026-09-04 12:46:32,5000,1,1
2026-09-04 12:46:33,5000,1,1
2026-09-04 12:46:35,5000,1,1
2026-09-04 12:46:36,5000,1,1
2026-09-04 12:46:37,5000,1,1
2026-09-04 12:46:38,5000,1,1
2026-09-04 12:46:39,5000,1,1
2026-09-04 12:46:40,5000,1,1
2026-09-04 12:46:41,5000,1,1
2026-09-04 12:49:12,30.75,0,1
2026-09-04 12:49:12,26.45,0,1
2026-09-04 12:49:12,32.03,0,1
2026-09-04 12:49:13,31.62,0,1
2026-09-04 12:49:13,15.04,0,1
2026-09-04 12:49:13,31.65,0,1
2026-09-04 12:49:13,34.72,0,1
2026-09-04 12:49:13,30.89,0,1
2026-09-04 12:49:13,30.87,0,1
2026-09-04 12:49:13,31.67,0,1
2026-09-04 12:49:14,30.98,0,1
2026-09-04 12:49:14,31.74,0,1
2026-09-04 12:49:14,32.77,0,1
2026-09-04 12:49:14,31.34,0,1
2026-09-04 12:49:14,32.45,0,1
2026-09-04 12:49:14,31.91,0,1
2026-09-04 12:49:14,31.1,0,1
2026-09-04 12:49:15,31.26,0,1
2026-09-04 12:49:15,30.91,0,1
2026-09-04 12:49:15,32.14,0,1
2026-09-04 12:49:15,31.49,0,1
2026-09-04 12:49:15,30.68,0,1
2026-09-04 12:49:15,31.64,0,1
2026-09-04 12:49:15,31.02,0,1
2026-09-04 12:49:16,32.67,0,1
2026-09-04 12:49:16,31.57,0,1
2026-09-04 12:49:16,30.41,0,1
2026-09-04 12:49:16,32.98,0,1
2026-09-04 12:49:16,20.46,0,1
2026-09-04 12:49:16,31.15,0,1
2026-09-04 12:49:16,22.45,0,1
2026-09-04 12:49:16,32.24,0,1
2026-09-04 12:49:17,31.57,0,1
2026-09-04 12:49:17,32.11,0,1
2026-09-04 12:49:17,31.31,0,1
2026-09-04 12:49:17,32.14,0,1
2026-09-04 12:49:18,5000,1,1
2026-09-04 12:49:19,5000,1,1
2026-09-04 12:49:20,5000,1,1
2026-09-04 12:49:21,5000,1,1
2026-09-04 12:49:23,5000,1,1
2026-09-04 12:49:24,5000,1,1
2026-09-04 12:49:25,5000,1,1
2026-09-04 12:49:26,5000,1,1
2026-09-04 12:49:27,5000,1,1
2026-09-04 12:49:28,5000,1,1
2026-09-04 12:49:29,5000,1,1
2026-09-04 12:49:30,5000,1,1
2026-09-04 12:49:32,5000,1,1
2026-09-04 12:52:02,30.16,0,1
2026-09-04 12:52:03,31.16,0,1
2026-09-04 12:52:03,31.2,0,1
2026-09-04 12:52:03,32.21,0,1
2026-09-04 12:52:03,31.06,0,1
2026-09-04 12:52:03,31.0,0,1
2026-09-04 12:52:03,32.89,0,1
2026-09-04 12:52:03,31.5,0,1
2026-09-04 12:52:04,31.96,0,1
2026-09-04 12:52:04,31.39,0,1
2026-09-04 12:52:04,32.35,0,1
2026-09-04 12:52:04,29.82,0,1
2026-09-04 12:52:04,31.67,0,1
2026-09-04 12:52:04,32.93,0,1
2026-09-04 12:52:04,33.38,0,1
2026-09-04 12:52:05,31.17,0,1
2026-09-04 12:52:05,32.25,0,1
2026-09-04 12:52:05,32.44,0,1
2026-09-04 12:52:05,31.32,0,1
2026-09-04 12:52:05,22.31,0,1
2026-09-04 12:52:05,32.82,0,1
2026-09-04 12:52:05,32.68,0,1
2026-09-04 12:52:06,31.12,0,1
2026-09-04 12:52:06,21.2,0,1
2026-09-04 12:52:06,32.51,0,1
2026-09-04 12:52:06,31.39,0,1
2026-09-04 12:52:06,29.57,0,1
2026-09-04 12:52:06,30.98,0,1
2026-09-04 12:52:06,31.63,0,1
2026-09-04 12:52:07,31.21,0,1
2026-09-04 12:52:07,32.25,0,1
2026-09-04 12:52:07,30.9,0,1
2026-09-04 12:52:07,31.86,0,1
2026-09-04 12:52:07,30.43,0,1
2026-09-04 12:52:07,31.84,0,1
2026-09-04 12:52:07,31.28,0,1
2026-09-04 12:52:08,5000,1,1
2026-09-04 12:52:10,5000,1,1
2026-09-04 12:52:11,5000,1,1
2026-09-04 12:52:12,5000,1,1
2026-09-04 12:52:13,5000,1,1
2026-09-04 12:52:14,5000,1,1
2026-09-04 12:52:15,5000,1,1
2026-09-04 12:52:16,5000,1,1
2026-09-04 12:52:17,5000,1,1
2026-09-04 12:52:19,5000,1,1
2026-09-04 12:52:20,5000,1,1
2026-09-04 12:52:21,5000,1,1
2026-09-04 12:52:22,5000,1,1
2026-09-04 12:54:53,30.26,0,1
2026-09-04 12:54:53,30.87,0,1
2026-09-04 12:54:53,15.59,0,1
2026-09-04 12:54:53,15.56,0,1
2026-09-04 12:54:53,32.48,0,1
2026-09-04 12:54:53,31.21,0,1
2026-09-04 12:54:54,19.66,0,1
2026-09-04 12:54:54,32.19,0,1
2026-09-04 12:54:54,29.54,0,1
2026-09-04 12:54:54,31.09,0,1
2026-09-04 12:54:54,30.7,0,1
2026-09-04 12:54:54,31.88,0,1
2026-09-04 12:54:54,31.75,0,1
2026-09-04 12:54:54,30.79,0,1
2026-09-04 12:54:55,31.56,0,1
2026-09-04 12:54:55,31.28,0,1
2026-09-04 12:54:55,32.03,0,1
2026-09-04 12:54:55,17.14,0,1
2026-09-04 12:54:55,5.93,0,1
2026-09-04 12:54:55,3.58,0,1
2026-09-04 12:54:55,3.35,0,1
2026-09-04 12:54:55,3.66,0,1
2026-09-04 12:54:56,3.23,0,1
2026-09-04 12:54:56,3.27,0,1
2026-09-04 12:54:56,3.49,0,1
2026-09-04 12:54:56,3.18,0,1
2026-09-04 12:54:56,3.38,0,1
2026-09-04 12:54:56,3.25,0,1
2026-09-04 12:54:56,3.0,0,1
2026-09-04 12:54:56,2.92,0,1
2026-09-04 12:54:56,3.27,0,1
2026-09-04 12:54:56,3.69,0,1
2026-09-04 12:54:57,3.8,0,1
2026-09-04 12:54:57,2.7,0,1
2026-09-04 12:54:57,4.0,0,1
2026-09-04 12:54:57,3.72,0,1
2026-09-04 12:54:57,4.49,0,1
2026-09-04 12:54:57,3.62,0,1
2026-09-04 12:54:57,3.3,0,1
2026-09-04 12:54:57,3.11,0,1
2026-09-04 12:54:57,3.2,0,1
2026-09-04 12:54:58,3.61,0,1
2026-09-04 12:54:59,5000,1,1
2026-09-04 12:55:00,5000,1,1
2026-09-04 12:55:01,5000,1,1
2026-09-04 12:55:02,5000,1,1
2026-09-04 12:55:03,5000,1,1
2026-09-04 12:55:04,5000,1,1
2026-09-04 12:55:05,5000,1,1
2026-09-04 12:55:06,5000,1,1
2026-09-04 12:55:07,5000,1,1
2026-09-04 12:55:09,5000,1,1
2026-09-04 12:55:10,5000,1,1
2026-09-04 12:55:11,5000,1,1
2026-09-04 12:55:12,5000,1,1
2026-09-04 12:57:43,31.41,0,1
2026-09-04 12:57:43,15.22,0,1
2026-09-04 12:57:43,6.61,0,1
2026-09-04 12:57:43,7.7,0,1
2026-09-04 12:57:43,31.4,0,1
2026-09-04 12:57:43,31.66,0,1
2026-09-04 12:57:44,16.27,0,1
2026-09-04 12:57:44,33.87,0,1
2026-09-04 12:57:44,31.53,0,1
2026-09-04 12:57:44,30.61,0,1
2026-09-04 12:57:44,31.59,0,1
2026-09-04 12:57:44,31.34,0,1
2026-09-04 12:57:44,18.12,0,1
2026-09-04 12:57:45,32.0,0,1
2026-09-04 12:57:45,31.57,0,1
2026-09-04 12:57:45,30.45,0,1
2026-09-04 12:57:45,32.28,0,1
2026-09-04 12:57:45,31.58,0,1
2026-09-04 12:57:45,31.19,0,1
2026-09-04 12:57:45,31.88,0,1
2026-09-04 12:57:46,31.73,0,1
2026-09-04 12:57:46,14.74,0,1
2026-09-04 12:57:46,31.26,0,1
2026-09-04 12:57:46,31.77,0,1
2026-09-04 12:57:46,31.98,0,1
2026-09-04 12:57:46,30.51,0,1
2026-09-04 12:57:46,30.96,0,1
2026-09-04 12:57:46,15.63,0,1
2026-09-04 12:57:47,31.44,0,1
2026-09-04 12:57:47,32.78,0,1
2026-09-04 12:57:47,16.14,0,1
2026-09-04 12:57:47,31.75,0,1
2026-09-04 12:57:47,31.15,0,1
2026-09-04 12:57:47,15.7,0,1
2026-09-04 12:57:47,31.96,0,1
2026-09-04 12:57:48,31.47,0,1
2026-09-04 12:57:48,24.91,0,1
2026-09-04 12:57:48,5.74,0,1
2026-09-04 12:57:49,5000,1,1
2026-09-04 12:57:50,5000,1,1
2026-09-04 12:57:51,5000,1,1
2026-09-04 12:57:52,5000,1,1
2026-09-04 12:57:53,5000,1,1
2026-09-04 12:57:54,5000,1,1
2026-09-04 12:57:56,5000,1,1
2026-09-04 12:57:57,5000,1,1
2026-09-04 12:57:58,5000,1,1
2026-09-04 12:57:59,5000,1,1
2026-09-04 12:58:00,5000,1,1
2026-09-04 12:58:01,5000,1,1
2026-09-04 12:58:02,5000,1,1
2026-09-04 13:00:35,31.26,0,1
2026-09-04 13:00:35,30.88,0,1
2026-09-04 13:00:35,18.93,0,1
2026-09-04 13:00:35,30.22,0,1
2026-09-04 13:00:35,30.96,0,1
2026-09-04 13:00:35,20.28,0,1
2026-09-04 13:00:36,23.0,0,1
2026-09-04 13:00:36,31.69,0,1
2026-09-04 13:00:36,30.63,0,1
2026-09-04 13:00:36,32.16,0,1
2026-09-04 13:00:36,14.82,0,1
2026-09-04 13:00:36,32.49,0,1
2026-09-04 13:00:36,12.16,0,1
2026-09-04 13:00:37,21.88,0,1
2026-09-04 13:00:37,30.33,0,1
2026-09-04 13:00:37,16.15,0,1
2026-09-04 13:00:37,15.96,0,1
2026-09-04 13:00:37,32.03,0,1
2026-09-04 13:00:37,16.28,0,1
2026-09-04 13:00:37,27.59,0,1
2026-09-04 13:00:37,6.74,0,1
2026-09-04 13:00:38,13.26,0,1
2026-09-04 13:00:38,30.18,0,1
2026-09-04 13:00:38,22.37,0,1
2026-09-04 13:00:38,31.65,0,1
2026-09-04 13:00:38,5.89,0,1
2026-09-04 13:00:38,17.73,0,1
2026-09-04 13:00:38,32.51,0,1
2026-09-04 13:00:38,32.49,0,1
2026-09-04 13:00:39,5.9,0,1
2026-09-04 13:00:39,31.25,0,1
2026-09-04 13:00:39,20.15,0,1
2026-09-04 13:00:39,32.87,0,1
2026-09-04 13:00:39,31.31,0,1
2026-09-04 13:00:39,29.64,0,1
2026-09-04 13:00:39,31.6,0,1
2026-09-04 13:00:40,30.97,0,1
2026-09-04 13:03:43,3.95,0,1
2026-09-04 13:03:43,67.68,0,1
2026-09-04 13:03:44,23.13,0,1
2026-09-04 13:03:45,5000,1,1
2026-09-04 13:03:46,5000,1,1
2026-09-04 13:03:47,5000,1,1
2026-09-04 13:03:48,5000,1,1
2026-09-04 13:03:49,5000,1,1
2026-09-04 13:03:51,5000,1,1
2026-09-04 13:03:52,5000,1,1
2026-09-04 13:03:53,5000,1,1
2026-09-04 13:03:54,5000,1,1
2026-09-04 13:03:55,5000,1,1
2026-09-04 13:03:56,5000,1,1
2026-09-04 13:03:57,5000,1,1
2026-09-04 13:03:58,5000,1,1
2026-09-04 13:06:29,32.08,0,1
2026-09-04 13:06:29,25.54,0,1
2026-09-04 13:06:29,28.65,0,1
2026-09-04 13:06:30,15.95,0,1
2026-09-04 13:06:30,15.58,0,1
2026-09-04 13:06:30,32.16,0,1
2026-09-04 13:06:30,31.44,0,1
2026-09-04 13:06:30,15.79,0,1
2026-09-04 13:06:30,15.4,0,1
2026-09-04 13:06:30,13.04,0,1
2026-09-04 13:06:30,16.25,0,1
2026-09-04 13:06:31,8.65,0,1
2026-09-04 13:06:31,15.31,0,1
2026-09-04 13:06:31,15.81,0,1
2026-09-04 13:06:31,29.94,0,1
2026-09-04 13:06:31,30.52,0,1
2026-09-04 13:06:31,14.29,0,1
2026-09-04 13:06:31,15.91,0,1
2026-09-04 13:06:31,32.34,0,1
2026-09-04 13:06:32,32.3,0,1
2026-09-04 13:06:32,8.84,0,1
2026-09-04 13:06:32,15.94,0,1
2026-09-04 13:06:32,32.84,0,1
2026-09-04 13:06:32,3.91,0,1
2026-09-04 13:06:32,31.87,0,1
2026-09-04 13:06:32,19.34,0,1
2026-09-04 13:06:32,30.33,0,1
2026-09-04 13:06:33,31.49,0,1
2026-09-04 13:06:33,22.6,0,1
2026-09-04 13:06:33,31.66,0,1
2026-09-04 13:06:33,33.11,0,1
2026-09-04 13:06:33,32.34,0,1
2026-09-04 13:06:33,15.67,0,1
2026-09-04 13:06:33,17.73,0,1
2026-09-04 13:06:34,31.64,0,1
2026-09-04 13:06:34,23.44,0,1
2026-09-04 13:06:34,32.74,0,1
2026-09-04 13:06:34,21.15,0,1
2026-09-04 13:06:34,24.13,0,1
2026-09-04 13:06:35,5000,1,1
2026-09-04 13:06:36,5000,1,1
2026-09-04 13:06:37,5000,1,1
2026-09-04 13:06:39,5000,1,1
2026-09-04 13:06:40,5000,1,1
2026-09-04 13:06:41,5000,1,1
2026-09-04 13:06:42,5000,1,1
2026-09-04 13:06:43,5000,1,1
2026-09-04 13:06:44,5000,1,1
2026-09-04 13:06:45,5000,1,1
2026-09-04 13:06:46,5000,1,1
2026-09-04 13:06:48,5000,1,1
2026-09-04 13:06:49,5000,1,1
2026-09-04 13:09:19,31.08,0,1
2026-09-04 13:09:19,18.67,0,1
2026-09-04 13:09:20,23.11,0,1
2026-09-04 13:09:20,31.31,0,1
2026-09-04 13:09:20,28.52,0,1
2026-09-04 13:09:20,31.77,0,1
2026-09-04 13:09:20,31.42,0,1
2026-09-04 13:09:20,10.14,0,1
2026-09-04 13:09:20,32.31,0,1
2026-09-04 13:09:21,16.34,0,1
2026-09-04 13:09:21,32.43,0,1
2026-09-04 13:09:21,18.94,0,1
2026-09-04 13:09:21,32.2,0,1
2026-09-04 13:09:21,12.92,0,1
2026-09-04 13:09:21,25.62,0,1
2026-09-04 13:09:21,15.14,0,1
2026-09-04 13:09:21,10.26,0,1
2026-09-04 13:09:22,29.48,0,1
2026-09-04 13:09:22,31.73,0,1
2026-09-04 13:09:22,30.59,0,1
2026-09-04 13:09:22,31.01,0,1
2026-09-04 13:09:22,31.22,0,1
2026-09-04 13:09:22,22.25,0,1
2026-09-04 13:09:22,15.49,0,1
2026-09-04 13:09:23,33.63,0,1
2026-09-04 13:09:23,31.68,0,1
2026-09-04 13:09:23,30.23,0,1
2026-09-04 13:09:23,16.16,0,1
2026-09-04 13:09:23,10.45,0,1
2026-09-04 13:09:23,15.6,0,1
2026-09-04 13:09:23,18.78,0,1
2026-09-04 13:09:23,31.82,0,1
2026-09-04 13:09:24,10.8,0,1
2026-09-04 13:09:24,30.34,0,1
2026-09-04 13:09:24,31.28,0,1
2026-09-04 13:09:24,32.37,0,1
2026-09-04 13:09:24,27.58,0,1
2026-09-04 13:09:24,31.26,0,1
2026-09-04 13:09:25,5000,1,1
2026-09-04 13:09:26,5000,1,1
2026-09-04 13:09:28,5000,1,1
2026-09-04 13:09:29,5000,1,1
2026-09-04 13:09:30,5000,1,1
2026-09-04 13:09:31,5000,1,1
2026-09-04 13:09:32,5000,1,1
2026-09-04 13:09:33,5000,1,1
2026-09-04 13:09:34,5000,1,1
2026-09-04 13:09:35,5000,1,1
2026-09-04 13:09:37,5000,1,1
2026-09-04 13:09:38,5000,1,1
2026-09-04 13:09:39,5000,1,1
2026-09-04 13:12:10,7.16,0,1
2026-09-04 13:12:10,11.17,0,1
2026-09-04 13:12:10,9.09,0,1
2026-09-04 13:12:10,14.38,0,1
2026-09-04 13:12:10,10.85,0,1
2026-09-04 13:12:10,13.38,0,1
2026-09-04 13:12:10,7.68,0,1
2026-09-04 13:12:10,6.65,0,1
2026-09-04 13:12:11,3.45,0,1
2026-09-04 13:12:11,4.19,0,1
2026-09-04 13:12:11,15.23,0,1
2026-09-04 13:12:11,23.21,0,1
2026-09-04 13:12:11,15.77,0,1
2026-09-04 13:12:11,7.49,0,1
2026-09-04 13:12:11,16.49,0,1
2026-09-04 13:12:11,10.41,0,1
2026-09-04 13:12:11,9.09,0,1
2026-09-04 13:12:12,15.31,0,1
2026-09-04 13:12:12,7.82,0,1
2026-09-04 13:12:12,16.0,0,1
2026-09-04 13:12:12,8.69,0,1
2026-09-04 13:12:12,18.04,0,1
2026-09-04 13:12:12,18.39,0,1
2026-09-04 13:12:12,8.38,0,1
2026-09-04 13:12:12,16.92,0,1
2026-09-04 13:12:13,15.92,0,1
2026-09-04 13:12:13,15.84,0,1
2026-09-04 13:12:13,8.35,0,1
2026-09-04 13:12:13,16.63,0,1
2026-09-04 13:12:13,16.85,0,1
2026-09-04 13:12:13,32.83,0,1
2026-09-04 13:12:13,15.2,0,1
2026-09-04 13:12:13,25.08,0,1
2026-09-04 13:12:14,13.85,0,1
2026-09-04 13:12:14,16.22,0,1
2026-09-04 13:12:14,13.32,0,1
2026-09-04 13:12:14,22.85,0,1
2026-09-04 13:12:14,28.95,0,1
2026-09-04 13:12:14,33.55,0,1
2026-09-04 13:12:14,30.38,0,1
2026-09-04 13:12:14,31.87,0,1
2026-09-04 13:12:15,20.07,0,1
2026-09-04 13:12:16,5000,1,1
2026-09-04 13:12:17,5000,1,1
2026-09-04 13:12:18,5000,1,1
2026-09-04 13:12:19,5000,1,1
2026-09-04 13:12:20,5000,1,1
2026-09-04 13:12:21,5000,1,1
2026-09-04 13:12:22,5000,1,1
2026-09-04 13:12:24,5000,1,1
2026-09-04 13:12:25,5000,1,1
2026-09-04 13:12:26,5000,1,1
2026-09-04 13:12:27,5000,1,1
2026-09-04 13:12:28,5000,1,1
2026-09-04 13:12:29,5000,1,1
2026-09-04 13:15:00,3.86,0,1
2026-09-04 13:15:00,16.12,0,1
2026-09-04 13:15:00,25.06,0,1
2026-09-04 13:15:00,25.95,0,1
2026-09-04 13:15:00,17.41,0,1
2026-09-04 13:15:01,19.22,0,1
2026-09-04 13:15:01,15.12,0,1
2026-09-04 13:15:01,24.03,0,1
2026-09-04 13:15:01,5.57,0,1
2026-09-04 13:15:01,3.16,0,1
2026-09-04 13:15:01,31.7,0,1
2026-09-04 13:15:01,28.89,0,1
2026-09-04 13:15:01,8.53,0,1
2026-09-04 13:15:02,20.19,0,1
2026-09-04 13:15:02,9.01,0,1
2026-09-04 13:15:02,3.94,0,1
2026-09-04 13:15:02,33.5,0,1
2026-09-04 13:15:02,3.93,0,1
2026-09-04 13:15:02,11.32,0,1
2026-09-04 13:15:02,8.84,0,1
2026-09-04 13:15:02,10.6,0,1
2026-09-04 13:15:02,10.51,0,1
2026-09-04 13:15:03,3.33,0,1
2026-09-04 13:15:03,5.64,0,1
2026-09-04 13:15:03,31.25,0,1
2026-09-04 13:15:03,5.64,0,1
2026-09-04 13:15:03,20.91,0,1
2026-09-04 13:15:03,31.55,0,1
2026-09-04 13:15:03,10.48,0,1
2026-09-04 13:15:03,10.7,0,1
2026-09-04 13:15:04,18.82,0,1
2026-09-04 13:15:04,14.25,0,1
2026-09-04 13:15:04,31.03,0,1
2026-09-04 13:15:04,19.39,0,1
2026-09-04 13:15:04,31.33,0,1
2026-09-04 13:15:04,29.59,0,1
2026-09-04 13:15:04,31.65,0,1
2026-09-04 13:15:05,16.53,0,1
2026-09-04 13:15:05,31.04,0,1
2026-09-04 13:15:05,31.71,0,1
2026-09-04 13:15:06,5000,1,1
2026-09-04 13:15:07,5000,1,1
2026-09-04 13:15:08,5000,1,1
2026-09-04 13:15:09,5000,1,1
2026-09-04 13:15:10,5000,1,1
2026-09-04 13:15:11,5000,1,1
2026-09-04 13:15:13,5000,1,1
2026-09-04 13:15:14,5000,1,1
2026-09-04 13:15:15,5000,1,1
2026-09-04 13:15:16,5000,1,1
2026-09-04 13:15:17,5000,1,1
2026-09-04 13:15:18,5000,1,1
2026-09-04 13:15:19,5000,1,1
2026-09-04 13:17:50,30.5,0,1
2026-09-04 13:17:50,32.0,0,1
2026-09-04 13:17:50,30.51,0,1
2026-09-04 13:17:51,31.32,0,1
2026-09-04 13:17:51,29.53,0,1
2026-09-04 13:17:51,8.64,0,1
2026-09-04 13:17:51,30.78,0,1
2026-09-04 13:17:51,31.21,0,1
2026-09-04 13:17:51,16.07,0,1
2026-09-04 13:17:51,19.86,0,1
2026-09-04 13:17:51,32.97,0,1
2026-09-04 13:17:52,32.13,0,1
2026-09-04 13:17:52,15.53,0,1
2026-09-04 13:17:52,31.58,0,1
2026-09-04 13:17:52,30.56,0,1
2026-09-04 13:17:52,33.1,0,1
2026-09-04 13:17:52,32.07,0,1
2026-09-04 13:17:52,24.83,0,1
2026-09-04 13:17:53,30.76,0,1
2026-09-04 13:17:53,31.1,0,1
2026-09-04 13:17:53,30.91,0,1
2026-09-04 13:17:53,31.07,0,1
2026-09-04 13:17:53,33.45,0,1
2026-09-04 13:17:53,30.48,0,1
2026-09-04 13:17:53,31.63,0,1
2026-09-04 13:17:54,30.36,0,1
2026-09-04 13:17:54,31.49,0,1
2026-09-04 13:17:54,31.65,0,1
2026-09-04 13:17:54,23.91,0,1
2026-09-04 13:17:54,29.92,0,1
2026-09-04 13:17:54,32.34,0,1
2026-09-04 13:17:54,29.79,0,1
2026-09-04 13:17:54,20.61,0,1
2026-09-04 13:17:55,32.26,0,1
2026-09-04 13:17:55,30.39,0,1
2026-09-04 13:17:55,6.75,0,1
2026-09-04 13:17:55,31.99,0,1
2026-09-04 13:17:56,5000,1,1
2026-09-04 13:17:57,5000,1,1
2026-09-04 13:17:58,5000,1,1
2026-09-04 13:18:00,5000,1,1
2026-09-04 13:18:01,5000,1,1
2026-09-04 13:18:02,5000,1,1
2026-09-04 13:18:03,5000,1,1
2026-09-04 13:18:04,5000,1,1
2026-09-04 13:18:05,5000,1,1
2026-09-04 13:18:06,5000,1,1
2026-09-04 13:18:07,5000,1,1
2026-09-04 13:18:08,5000,1,1
2026-09-04 13:18:10,5000,1,1
2026-09-04 13:20:40,30.39,0,1
2026-09-04 13:20:41,31.57,0,1
2026-09-04 13:20:41,31.83,0,1
2026-09-04 13:20:41,31.35,0,1
2026-09-04 13:20:41,30.47,0,1
2026-09-04 13:20:41,19.4,0,1
2026-09-04 13:20:41,16.72,0,1
2026-09-04 13:20:41,30.72,0,1
2026-09-04 13:20:41,30.76,0,1
2026-09-04 13:20:42,33.58,0,1
2026-09-04 13:20:42,31.42,0,1
2026-09-04 13:20:42,32.19,0,1
2026-09-04 13:20:42,11.8,0,1
2026-09-04 13:20:42,31.75,0,1
2026-09-04 13:20:42,31.56,0,1
2026-09-04 13:20:42,31.06,0,1
2026-09-04 13:20:43,30.81,0,1
2026-09-04 13:20:43,23.23,0,1
2026-09-04 13:20:43,24.72,0,1
2026-09-04 13:20:43,31.97,0,1
2026-09-04 13:20:43,33.62,0,1
2026-09-04 13:20:43,32.63,0,1
2026-09-04 13:20:43,30.48,0,1
2026-09-04 13:20:44,22.19,0,1
2026-09-04 13:20:44,6.48,0,1
2026-09-04 13:20:44,31.23,0,1
2026-09-04 13:20:44,32.24,0,1
2026-09-04 13:20:44,22.68,0,1
2026-09-04 13:20:44,31.63,0,1
2026-09-04 13:20:44,31.25,0,1
2026-09-04 13:20:44,17.19,0,1
2026-09-04 13:20:45,31.48,0,1
2026-09-04 13:20:45,31.46,0,1
2026-09-04 13:20:45,23.0,0,1
2026-09-04 13:20:45,24.47,0,1
2026-09-04 13:20:45,31.49,0,1
2026-09-04 13:20:45,31.26,0,1
2026-09-04 13:20:46,5000,1,1
2026-09-04 13:20:47,5000,1,1
2026-09-04 13:20:49,5000,1,1
2026-09-04 13:20:50,5000,1,1
2026-09-04 13:20:51,5000,1,1
2026-09-04 13:20:52,5000,1,1
2026-09-04 13:20:53,5000,1,1
2026-09-04 13:20:54,5000,1,1
2026-09-04 13:20:55,5000,1,1
2026-09-04 13:20:56,5000,1,1
2026-09-04 13:20:58,5000,1,1
2026-09-04 13:20:59,5000,1,1
2026-09-04 13:21:00,5000,1,1
2026-09-04 13:23:31,77.5,0,1
2026-09-04 13:23:31,16.85,0,1
2026-09-04 13:23:31,21.32,0,1
2026-09-04 13:23:31,27.13,0,1
2026-09-04 13:23:31,6.4,0,1
2026-09-04 13:23:31,31.05,0,1
2026-09-04 13:23:32,30.47,0,1
2026-09-04 13:23:32,5.62,0,1
2026-09-04 13:23:32,8.45,0,1
2026-09-04 13:23:32,4.62,0,1
2026-09-04 13:23:32,10.74,0,1
2026-09-04 13:23:32,8.05,0,1
2026-09-04 13:23:32,5.05,0,1
2026-09-04 13:23:32,4.97,0,1
2026-09-04 13:23:32,19.66,0,1
2026-09-04 13:23:33,4.01,0,1
2026-09-04 13:23:33,22.19,0,1
2026-09-04 13:23:33,25.36,0,1
2026-09-04 13:23:33,30.74,0,1
2026-09-04 13:23:33,21.34,0,1
2026-09-04 13:23:33,7.37,0,1
2026-09-04 13:23:33,32.1,0,1
2026-09-04 13:23:33,31.84,0,1
2026-09-04 13:23:34,14.94,0,1
2026-09-04 13:23:34,22.08,0,1
2026-09-04 13:23:34,16.68,0,1
2026-09-04 13:23:34,19.38,0,1
2026-09-04 13:23:34,5.62,0,1
2026-09-04 13:23:34,16.58,0,1
2026-09-04 13:23:34,5.6,0,1
2026-09-04 13:23:34,15.74,0,1
2026-09-04 13:23:35,18.62,0,1
2026-09-04 13:23:35,15.52,0,1
2026-09-04 13:23:35,6.35,0,1
2026-09-04 13:23:35,3.82,0,1
2026-09-04 13:23:35,11.37,0,1
2026-09-04 13:23:35,16.0,0,1
2026-09-04 13:23:35,3.96,0,1
2026-09-04 13:23:35,5.06,0,1
2026-09-04 13:23:35,22.56,0,1
2026-09-04 13:23:36,12.65,0,1
2026-09-04 13:23:36,8.73,0,1
2026-09-04 13:23:37,5000,1,1
2026-09-04 13:23:38,5000,1,1
2026-09-04 13:23:39,5000,1,1
2026-09-04 13:23:40,5000,1,1
2026-09-04 13:23:41,5000,1,1
2026-09-04 13:23:42,5000,1,1
2026-09-04 13:23:44,5000,1,1
2026-09-04 13:23:45,5000,1,1
2026-09-04 13:23:46,5000,1,1
2026-09-04 13:23:47,5000,1,1
2026-09-04 13:23:48,5000,1,1
2026-09-04 13:23:49,5000,1,1
2026-09-04 13:23:50,5000,1,1
2026-09-04 13:26:21,31.94,0,1
2026-09-04 13:26:21,31.09,0,1
2026-09-04 13:26:21,16.27,0,1
2026-09-04 13:26:22,15.54,0,1
2026-09-04 13:26:22,3.83,0,1
2026-09-04 13:26:22,15.42,0,1
2026-09-04 13:26:22,16.23,0,1
2026-09-04 13:26:22,16.99,0,1
2026-09-04 13:26:22,16.15,0,1
2026-09-04 13:26:22,31.58,0,1
2026-09-04 13:26:22,30.5,0,1
2026-09-04 13:26:23,28.48,0,1
2026-09-04 13:26:23,30.67,0,1
2026-09-04 13:26:23,19.2,0,1
2026-09-04 13:26:23,31.55,0,1
2026-09-04 13:26:23,31.56,0,1
2026-09-04 13:26:23,15.8,0,1
2026-09-04 13:26:23,31.14,0,1
2026-09-04 13:26:23,15.72,0,1
2026-09-04 13:26:24,30.54,0,1
2026-09-04 13:26:24,30.97,0,1
2026-09-04 13:26:24,15.31,0,1
2026-09-04 13:26:24,29.1,0,1
2026-09-04 13:26:24,16.24,0,1
2026-09-04 13:26:24,30.46,0,1
2026-09-04 13:26:24,31.51,0,1
2026-09-04 13:26:25,30.78,0,1
2026-09-04 13:26:25,33.15,0,1
2026-09-04 13:26:25,31.86,0,1
2026-09-04 13:26:25,30.76,0,1
2026-09-04 13:26:25,31.82,0,1
2026-09-04 13:26:25,16.33,0,1
2026-09-04 13:26:25,31.2,0,1
2026-09-04 13:26:26,32.48,0,1
2026-09-04 13:26:26,22.69,0,1
2026-09-04 13:26:26,14.59,0,1
2026-09-04 13:26:26,31.53,0,1
2026-09-04 13:26:26,15.91,0,1
2026-09-04 13:26:27,5000,1,1
2026-09-04 13:26:28,5000,1,1
2026-09-04 13:26:29,5000,1,1
2026-09-04 13:26:31,5000,1,1
2026-09-04 13:26:32,5000,1,1
2026-09-04 13:26:33,5000,1,1
2026-09-04 13:26:34,5000,1,1
2026-09-04 13:26:35,5000,1,1
2026-09-04 13:26:36,5000,1,1
2026-09-04 13:26:37,5000,1,1
2026-09-04 13:26:38,5000,1,1
2026-09-04 13:26:40,5000,1,1
2026-09-04 13:26:41,5000,1,1
