session,features,class,start,detected,seconds_to_detect
eval_same_params,base,B,2026-10-04 17:59:24,True,0.0
eval_same_params,base,C,2026-10-04 18:00:24,True,1.0
eval_same_params,base,D,2026-10-04 18:01:24,True,0.0
eval_same_params,base,B,2026-10-04 18:02:14,True,0.0
eval_same_params,base,C,2026-10-04 18:03:14,True,0.0
eval_same_params,base,D,2026-10-04 18:04:14,True,1.0
eval_same_params,base,B,2026-10-04 18:05:04,True,1.0
eval_same_params,base,C,2026-10-04 18:06:04,True,0.0
eval_same_params,base,D,2026-10-04 18:07:04,True,5.0
eval_same_params,base,B,2026-10-04 18:07:54,True,1.0
eval_same_params,base,C,2026-10-04 18:08:54,True,0.0
eval_same_params,base,D,2026-10-04 18:09:54,True,6.0
eval_same_params,base,B,2026-10-04 18:10:45,True,0.0
eval_same_params,base,C,2026-10-04 18:11:44,True,1.0
eval_same_params,base,D,2026-10-04 18:12:44,True,1.0
eval_same_params,base,B,2026-10-04 18:13:35,True,0.0
eval_same_params,base,C,2026-10-04 18:14:35,True,0.0
eval_same_params,base,D,2026-10-04 18:15:35,True,7.0
eval_same_params,base,B,2026-10-04 18:16:25,True,0.0
eval_same_params,base,C,2026-10-04 18:17:25,True,1.0
eval_same_params,base,D,2026-10-04 18:18:25,True,7.0
eval_same_params,base,B,2026-10-04 18:19:15,True,1.0
eval_same_params,base,C,2026-10-04 18:20:15,True,1.0
eval_same_params,base,D,2026-10-04 18:21:15,True,6.0
eval_same_params,base,B,2026-10-04 18:22:06,True,0.0
eval_same_params,base,C,2026-10-04 18:23:05,True,1.0
eval_same_params,base,D,2026-10-04 18:24:05,True,1.0
eval_same_params,base,B,2026-10-04 18:24:56,True,0.0
eval_same_params,base,C,2026-10-04 18:25:56,True,0.0
eval_same_params,base,D,2026-10-04 18:26:56,True,1.0
eval_same_params,base,B,2026-10-04 18:27:46,True,0.0
eval_same_params,base,C,2026-10-04 18:28:46,True,0.0
eval_same_params,base,D,2026-10-04 18:29:46,True,0.0
eval_same_params,base+tcp,B,2026-10-04 17:59:24,True,3.0
eval_same_params,base+tcp,C,2026-10-04 18:00:24,True,1.0
eval_same_params,base+tcp,D,2026-10-04 18:01:24,False,
eval_same_params,base+tcp,B,2026-10-04 18:02:14,True,4.0
eval_same_params,base+tcp,C,2026-10-04 18:03:14,True,1.0
eval_same_params,base+tcp,D,2026-10-04 18:04:14,True,6.0
eval_same_params,base+tcp,B,2026-10-04 18:05:04,True,4.0
eval_same_params,base+tcp,C,2026-10-04 18:06:04,True,2.0
eval_same_params,base+tcp,D,2026-10-04 18:07:04,False,
eval_same_params,base+tcp,B,2026-10-04 18:07:54,True,4.0
eval_same_params,base+tcp,C,2026-10-04 18:08:54,True,1.0
eval_same_params,base+tcp,D,2026-10-04 18:09:54,True,6.0
eval_same_params,base+tcp,B,2026-10-04 18:10:45,True,4.0
eval_same_params,base+tcp,C,2026-10-04 18:11:44,True,1.0
eval_same_params,base+tcp,D,2026-10-04 18:12:44,True,6.0
eval_same_params,base+tcp,B,2026-10-04 18:13:35,True,3.0
eval_same_params,base+tcp,C,2026-10-04 18:14:35,True,0.0
eval_same_params,base+tcp,D,2026-10-04 18:15:35,True,6.0
eval_same_params,base+tcp,B,2026-10-04 18:16:25,True,3.0
eval_same_params,base+tcp,C,2026-10-04 18:17:25,True,1.0
eval_same_params,base+tcp,D,2026-10-04 18:18:25,True,6.0
eval_same_params,base+tcp,B,2026-10-04 18:19:15,True,3.0
eval_same_params,base+tcp,C,2026-10-04 18:20:15,True,1.0
eval_same_params,base+tcp,D,2026-10-04 18:21:15,False,
eval_same_params,base+tcp,B,2026-10-04 18:22:06,True,2.0
eval_same_params,base+tcp,C,2026-10-04 18:23:05,True,1.0
eval_same_params,base+tcp,D,2026-10-04 18:24:05,True,6.0
eval_same_params,base+tcp,B,2026-10-04 18:24:56,True,4.0
eval_same_params,base+tcp,C,2026-10-04 18:25:56,True,0.0
eval_same_params,base+tcp,D,2026-10-04 18:26:56,True,6.0
eval_same_params,base+tcp,B,2026-10-04 18:27:46,True,3.0
eval_same_params,base+tcp,C,2026-10-04 18:28:46,True,0.0
eval_same_params,base+tcp,D,2026-10-04 18:29:46,False,
verify_retrans,base,C,2026-10-09 18:43:28,False,
verify_retrans,base,B,2026-10-09 18:44:24,True,0.0
verify_retrans,base,C,2026-10-09 18:45:23,True,1.0
verify_retrans,base,D,2026-10-09 18:46:24,True,6.0
verify_retrans,base,B,2026-10-09 18:47:14,True,0.0
verify_retrans,base,C,2026-10-09 18:48:14,True,0.0
verify_retrans,base,D,2026-10-09 18:49:14,True,2.0
verify_retrans,base,B,2026-10-09 18:50:04,True,1.0
verify_retrans,base,C,2026-10-09 18:51:04,True,0.0
verify_retrans,base,D,2026-10-09 18:52:04,True,7.0
verify_retrans,base,B,2026-10-09 18:52:55,True,0.0
verify_retrans,base,C,2026-10-09 18:53:55,True,0.0
verify_retrans,base,D,2026-10-09 18:54:55,True,7.0
verify_retrans,base,B,2026-10-09 18:55:45,True,1.0
verify_retrans,base,C,2026-10-09 18:56:45,True,0.0
verify_retrans,base,D,2026-10-09 18:57:45,True,7.0
verify_retrans,base,B,2026-10-09 18:58:35,True,1.0
verify_retrans,base,C,2026-10-09 18:59:36,True,0.0
verify_retrans,base,D,2026-10-09 19:00:35,True,6.0
verify_retrans,base,B,2026-10-09 19:01:26,True,1.0
verify_retrans,base,C,2026-10-09 19:02:26,True,0.0
verify_retrans,base,D,2026-10-09 19:03:26,True,7.0
verify_retrans,base,B,2026-10-09 19:04:16,True,1.0
verify_retrans,base,C,2026-10-09 19:05:16,True,0.0
verify_retrans,base,D,2026-10-09 19:06:16,True,7.0
verify_retrans,base,B,2026-10-09 19:07:06,True,1.0
verify_retrans,base,C,2026-10-09 19:08:06,True,0.0
verify_retrans,base,D,2026-10-09 19:09:06,True,3.0
verify_retrans,base,B,2026-10-09 19:09:57,True,0.0
verify_retrans,base,C,2026-10-09 19:10:56,True,0.0
verify_retrans,base,D,2026-10-09 19:11:56,True,6.0
verify_retrans,base,B,2026-10-09 19:12:47,True,0.0
verify_retrans,base+tcp,C,2026-10-09 18:43:28,False,
verify_retrans,base+tcp,B,2026-10-09 18:44:24,True,3.0
verify_retrans,base+tcp,C,2026-10-09 18:45:23,True,1.0
verify_retrans,base+tcp,D,2026-10-09 18:46:24,True,6.0
verify_retrans,base+tcp,B,2026-10-09 18:47:14,True,3.0
verify_retrans,base+tcp,C,2026-10-09 18:48:14,True,0.0
verify_retrans,base+tcp,D,2026-10-09 18:49:14,True,7.0
verify_retrans,base+tcp,B,2026-10-09 18:50:04,True,4.0
verify_retrans,base+tcp,C,2026-10-09 18:51:04,True,0.0
verify_retrans,base+tcp,D,2026-10-09 18:52:04,True,6.0
verify_retrans,base+tcp,B,2026-10-09 18:52:55,True,3.0
verify_retrans,base+tcp,C,2026-10-09 18:53:55,True,0.0
verify_retrans,base+tcp,D,2026-10-09 18:54:55,True,6.0
verify_retrans,base+tcp,B,2026-10-09 18:55:45,True,3.0
verify_retrans,base+tcp,C,2026-10-09 18:56:45,True,0.0
verify_retrans,base+tcp,D,2026-10-09 18:57:45,True,1.0
verify_retrans,base+tcp,B,2026-10-09 18:58:35,True,4.0
verify_retrans,base+tcp,C,2026-10-09 18:59:36,True,0.0
verify_retrans,base+tcp,D,2026-10-09 19:00:35,True,6.0
verify_retrans,base+tcp,B,2026-10-09 19:01:26,True,4.0
verify_retrans,base+tcp,C,2026-10-09 19:02:26,True,0.0
verify_retrans,base+tcp,D,2026-10-09 19:03:26,True,6.0
verify_retrans,base+tcp,B,2026-10-09 19:04:16,True,4.0
verify_retrans,base+tcp,C,2026-10-09 19:05:16,True,0.0
verify_retrans,base+tcp,D,2026-10-09 19:06:16,True,7.0
verify_retrans,base+tcp,B,2026-10-09 19:07:06,True,4.0
verify_retrans,base+tcp,C,2026-10-09 19:08:06,True,1.0
verify_retrans,base+tcp,D,2026-10-09 19:09:06,False,
verify_retrans,base+tcp,B,2026-10-09 19:09:57,True,3.0
verify_retrans,base+tcp,C,2026-10-09 19:10:56,True,1.0
verify_retrans,base+tcp,D,2026-10-09 19:11:56,True,6.0
verify_retrans,base+tcp,B,2026-10-09 19:12:47,True,3.0
