srtt_mode,features,eval,accuracy,macro_f1,recall_A,recall_B,recall_C,recall_D,macro_f1_fold_mean,macro_f1_fold_std
timeout_only,base,time_block_5fold,0.8174,0.6828,0.9065,0.9937,0.5072,0.2764,0.6833,0.0225
timeout_only,base,eval_same_params,0.8792,0.7457,0.9486,0.981,0.722,0.2461,,
timeout_only,base,eval_generalization,0.7912,0.5328,0.9637,0.3357,0.428,0.2176,,
timeout_only,base+window,time_block_5fold,0.9168,0.8315,0.9474,0.9881,0.9017,0.4575,0.8326,0.0215
timeout_only,base+window,eval_same_params,0.903,0.7472,0.9672,0.8282,0.8663,0.221,,
timeout_only,base+window,eval_generalization,0.8402,0.6247,0.9486,0.4489,0.7578,0.2121,,
timeout_only,base+tcp,time_block_5fold,0.8515,0.7365,0.8686,0.9983,0.9242,0.2163,0.7372,0.0143
timeout_only,base+tcp,eval_same_params,0.8696,0.7048,0.9218,0.8306,0.889,0.1395,,
timeout_only,base+tcp,eval_generalization,0.7908,0.5364,0.909,0.2806,0.7271,0.1755,,
timeout_only,all,time_block_5fold,0.9213,0.8409,0.9476,0.9994,0.9227,0.4631,0.8421,0.0266
timeout_only,all,eval_same_params,0.881,0.7234,0.9386,0.8341,0.8647,0.1912,,
timeout_only,all,eval_generalization,0.8038,0.5442,0.9228,0.2465,0.7607,0.1993,,
karn,base,time_block_5fold,0.8174,0.6828,0.9065,0.9937,0.5072,0.2764,0.6833,0.0225
karn,base,eval_same_params,0.8792,0.7457,0.9486,0.981,0.722,0.2461,,
karn,base,eval_generalization,0.7912,0.5328,0.9637,0.3357,0.428,0.2176,,
karn,base+window,time_block_5fold,0.9168,0.8315,0.9474,0.9881,0.9017,0.4575,0.8326,0.0215
karn,base+window,eval_same_params,0.903,0.7472,0.9672,0.8282,0.8663,0.221,,
karn,base+window,eval_generalization,0.8402,0.6247,0.9486,0.4489,0.7578,0.2121,,
karn,base+tcp,time_block_5fold,0.8495,0.7449,0.8608,1.0,0.9296,0.2644,0.7479,0.0177
karn,base+tcp,eval_same_params,0.8704,0.7106,0.91,0.8827,0.9249,0.1411,,
karn,base+tcp,eval_generalization,0.7964,0.549,0.8948,0.2876,0.8252,0.181,,
karn,all,time_block_5fold,0.9109,0.8246,0.935,1.0,0.9145,0.4607,0.8317,0.0405
karn,all,eval_same_params,0.875,0.7294,0.9152,0.8815,0.908,0.21,,
karn,all,eval_generalization,0.802,0.5607,0.9038,0.2866,0.8107,0.2121,,
