2026-09-04 12:19:50,4.93,0,1
2026-09-04 12:19:50,5.48,0,1
2026-09-04 12:19:51,638.64,0,1
2026-09-04 12:19:51,478.33,0,1
2026-09-04 12:19:52,6.21,0,1
2026-09-04 12:19:52,5.64,0,1
2026-09-04 12:19:52,5.08,0,1
2026-09-04 12:19:52,54.02,0,1
2026-09-04 12:19:52,4.91,0,1
2026-09-04 12:19:52,6.03,0,1
2026-09-04 12:19:52,4.64,0,1
2026-09-04 12:19:52,5.1,0,1
2026-09-04 12:19:52,5.55,0,1
2026-09-04 12:19:53,6.07,0,1
2026-09-04 12:19:53,5.25,0,1
2026-09-04 12:19:53,5.17,0,1
2026-09-04 12:19:53,5.75,0,1
2026-09-04 12:19:53,6.24,0,1
2026-09-04 12:19:53,5.82,0,1
2026-09-04 12:19:53,6.36,0,1
2026-09-04 12:19:53,5.36,0,1
2026-09-04 12:19:53,6.42,0,1
2026-09-04 12:19:53,5.98,0,1
2026-09-04 12:19:54,6.32,0,1
2026-09-04 12:19:54,5.62,0,1
2026-09-04 12:19:54,5.9,0,1
2026-09-04 12:19:54,6.23,0,1
2026-09-04 12:19:54,5.9,0,1
2026-09-04 12:19:54,5.72,0,1
2026-09-04 12:19:54,15.82,0,1
2026-09-04 12:19:54,27.38,0,1
2026-09-04 12:19:54,6.24,0,1
2026-09-04 12:19:55,5.38,0,1
2026-09-04 12:19:55,6.77,0,1
2026-09-04 12:19:55,4.79,0,1
2026-09-04 12:19:55,6.28,0,1
2026-09-04 12:19:56,677.75,0,1
2026-09-04 12:19:56,645.17,0,1
2026-09-04 12:19:57,5.68,0,1
2026-09-04 12:19:57,4.8,0,1
2026-09-04 12:19:57,5.11,0,1
2026-09-04 12:19:57,5.6,0,1
2026-09-04 12:19:57,5.29,0,1
2026-09-04 12:19:57,5.38,0,1
2026-09-04 12:19:57,14.22,0,1
2026-09-04 12:19:57,5.92,0,1
2026-09-04 12:19:57,5.42,0,1
2026-09-04 12:19:58,4.84,0,1
2026-09-04 12:19:58,5.81,0,1
2026-09-04 12:19:58,5.31,0,1
2026-09-04 12:19:58,4.99,0,1
2026-09-04 12:19:58,4.98,0,1
2026-09-04 12:19:58,5.44,0,1
2026-09-04 12:19:58,5.82,0,1
2026-09-04 12:19:58,33.44,0,1
2026-09-04 12:19:58,6.06,0,1
2026-09-04 12:19:59,240.51,0,1
2026-09-04 12:19:59,5.64,0,1
2026-09-04 12:19:59,5.13,0,1
2026-09-04 12:19:59,5.85,0,1
2026-09-04 12:19:59,5.75,0,1
2026-09-04 12:19:59,5.83,0,1
2026-09-04 12:19:59,5.57,0,1
2026-09-04 12:20:00,227.38,0,1
2026-09-04 12:20:00,5.48,0,1
2026-09-04 12:20:00,24.37,0,1
2026-09-04 12:20:00,6.25,0,1
2026-09-04 12:20:00,5.11,0,1
2026-09-04 12:20:00,4.88,0,1
2026-09-04 12:20:00,5.6,0,1
2026-09-04 12:20:00,7.42,0,1
2026-09-04 12:20:01,5.45,0,1
2026-09-04 12:20:01,5.87,0,1
2026-09-04 12:20:01,6.92,0,1
2026-09-04 12:20:01,6.81,0,1
2026-09-04 12:20:01,22.72,0,1
2026-09-04 12:20:01,231.67,0,1
2026-09-04 12:20:01,5.13,0,1
2026-09-04 12:20:02,13.77,0,1
2026-09-04 12:20:02,5.92,0,1
2026-09-04 12:20:02,5.6,0,1
2026-09-04 12:20:02,6.25,0,1
2026-09-04 12:20:02,5.21,0,1
2026-09-04 12:20:02,7.24,0,1
2026-09-04 12:20:02,14.41,0,1
2026-09-04 12:20:02,5.12,0,1
2026-09-04 12:20:03,5000,1,1
2026-09-04 12:20:04,392.57,0,1
2026-09-04 12:20:04,5.02,0,1
2026-09-04 12:20:04,220.08,0,1
2026-09-04 12:20:05,889.2,0,1
2026-09-04 12:20:05,6.44,0,1
2026-09-04 12:20:06,5.81,0,1
2026-09-04 12:20:06,6.15,0,1
2026-09-04 12:20:06,5.69,0,1
2026-09-04 12:20:06,17.52,0,1
2026-09-04 12:20:06,5.83,0,1
2026-09-04 12:20:06,6.29,0,1
2026-09-04 12:20:06,5.93,0,1
2026-09-04 12:20:06,6.36,0,1
2026-09-04 12:20:06,7.27,0,1
2026-09-04 12:20:07,6.04,0,1
2026-09-04 12:20:07,6.19,0,1
2026-09-04 12:20:07,6.01,0,1
2026-09-04 12:20:07,5.15,0,1
2026-09-04 12:20:07,6.15,0,1
2026-09-04 12:20:07,5.82,0,1
2026-09-04 12:20:07,5.89,0,1
2026-09-04 12:20:07,5.41,0,1
2026-09-04 12:20:07,5.75,0,1
2026-09-04 12:20:08,15.93,0,1
2026-09-04 12:20:08,6.2,0,1
2026-09-04 12:20:08,6.2,0,1
2026-09-04 12:20:08,7.01,0,1
2026-09-04 12:20:08,6.09,0,1
2026-09-04 12:20:08,5.43,0,1
2026-09-04 12:20:08,5.52,0,1
2026-09-04 12:20:08,5.48,0,1
2026-09-04 12:20:08,5.1,0,1
2026-09-04 12:20:08,6.43,0,1
2026-09-04 12:20:09,5.84,0,1
2026-09-04 12:20:09,233.75,0,1
2026-09-04 12:20:09,12.5,0,1
2026-09-04 12:20:09,6.29,0,1
2026-09-04 12:20:09,5.59,0,1
2026-09-04 12:20:09,22.09,0,1
2026-09-04 12:20:09,6.66,0,1
2026-09-04 12:20:10,5.54,0,1
2026-09-04 12:20:10,5.78,0,1
2026-09-04 12:20:10,6.03,0,1
2026-09-04 12:20:10,23.54,0,1
2026-09-04 12:20:10,4.78,0,1
2026-09-04 12:20:10,6.31,0,1
2026-09-04 12:20:10,6.19,0,1
2026-09-04 12:20:10,5.55,0,1
2026-09-04 12:20:10,5.39,0,1
2026-09-04 12:20:11,5.23,0,1
2026-09-04 12:20:11,5.26,0,1
2026-09-04 12:20:11,17.56,0,1
2026-09-04 12:20:11,6.37,0,1
2026-09-04 12:20:11,15.85,0,1
2026-09-04 12:20:11,6.25,0,1
2026-09-04 12:20:11,6.7,0,1
2026-09-04 12:20:11,6.17,0,1
2026-09-04 12:20:11,6.66,0,1
2026-09-04 12:20:12,5.42,0,1
2026-09-04 12:20:12,5.27,0,1
2026-09-04 12:20:12,6.12,0,1
2026-09-04 12:20:12,6.18,0,1
2026-09-04 12:20:12,6.39,0,1
2026-09-04 12:20:12,5.18,0,1
2026-09-04 12:20:12,15.72,0,1
2026-09-04 12:20:12,6.4,0,1
2026-09-04 12:20:12,6.15,0,1
2026-09-04 12:20:13,5.91,0,1
2026-09-04 12:20:13,6.35,0,1
2026-09-04 12:20:13,5.35,0,1
2026-09-04 12:20:14,864.65,0,1
2026-09-04 12:20:14,5.49,0,1
2026-09-04 12:20:15,722.29,0,1
2026-09-04 12:20:15,5.03,0,1
2026-09-04 12:20:15,5.95,0,1
2026-09-04 12:20:15,6.23,0,1
2026-09-04 12:20:15,27.43,0,1
2026-09-04 12:20:15,6.52,0,1
2026-09-04 12:20:15,5.99,0,1
2026-09-04 12:20:16,235.25,0,1
2026-09-04 12:20:16,6.59,0,1
2026-09-04 12:20:16,27.31,0,1
2026-09-04 12:20:16,5.5,0,1
2026-09-04 12:20:16,6.37,0,1
2026-09-04 12:20:16,5.49,0,1
2026-09-04 12:20:16,5.4,0,1
2026-09-04 12:20:17,219.97,0,1
2026-09-04 12:20:17,6.4,0,1
2026-09-04 12:20:17,5.44,0,1
2026-09-04 12:20:17,24.76,0,1
2026-09-04 12:20:17,6.37,0,1
2026-09-04 12:20:18,5000,1,1
2026-09-04 12:20:19,442.07,0,1
2026-09-04 12:20:19,221.01,0,1
2026-09-04 12:20:19,7.39,0,1
2026-09-04 12:20:19,6.38,0,1
2026-09-04 12:20:19,7.04,0,1
2026-09-04 12:20:19,7.22,0,1
2026-09-04 12:20:20,6.68,0,1
2026-09-04 12:20:20,5.59,0,1
2026-09-04 12:20:20,5.75,0,1
2026-09-04 12:20:20,7.18,0,1
2026-09-04 12:22:40,5.19,0,1
2026-09-04 12:22:40,4.98,0,1
2026-09-04 12:22:41,226.48,0,1
2026-09-04 12:22:41,5.68,0,1
2026-09-04 12:22:41,6.23,0,1
2026-09-04 12:22:41,5.09,0,1
2026-09-04 12:22:41,5.2,0,1
2026-09-04 12:22:41,4.88,0,1
2026-09-04 12:22:41,5.3,0,1
2026-09-04 12:22:41,4.6,0,1
2026-09-04 12:22:41,5.31,0,1
2026-09-04 12:22:42,22.15,0,1
2026-09-04 12:22:42,5.06,0,1
2026-09-04 12:22:42,4.84,0,1
2026-09-04 12:22:42,5.59,0,1
2026-09-04 12:22:42,5.49,0,1
2026-09-04 12:22:42,5.21,0,1
2026-09-04 12:22:42,5.46,0,1
2026-09-04 12:22:42,5.16,0,1
2026-09-04 12:22:42,5.11,0,1
2026-09-04 12:22:42,4.85,0,1
2026-09-04 12:22:43,5.13,0,1
2026-09-04 12:22:43,5.24,0,1
2026-09-04 12:22:43,6.2,0,1
2026-09-04 12:22:43,5.69,0,1
2026-09-04 12:22:43,5.8,0,1
2026-09-04 12:22:43,5.14,0,1
2026-09-04 12:22:43,219.36,0,1
2026-09-04 12:22:44,5.5,0,1
2026-09-04 12:22:44,13.97,0,1
2026-09-04 12:22:44,6.24,0,1
2026-09-04 12:22:44,5.83,0,1
2026-09-04 12:22:44,5.08,0,1
2026-09-04 12:22:44,5.14,0,1
2026-09-04 12:22:44,5.49,0,1
2026-09-04 12:22:45,640.66,0,1
2026-09-04 12:22:45,7.9,0,1
2026-09-04 12:22:45,6.42,0,1
2026-09-04 12:22:45,5.09,0,1
2026-09-04 12:22:45,4.66,0,1
2026-09-04 12:22:45,4.92,0,1
2026-09-04 12:22:46,428.57,0,1
2026-09-04 12:22:46,13.44,0,1
2026-09-04 12:22:46,5.7,0,1
2026-09-04 12:22:46,5.1,0,1
2026-09-04 12:22:46,5.0,0,1
2026-09-04 12:22:47,228.37,0,1
2026-09-04 12:22:48,5000,1,1
2026-09-04 12:22:48,421.09,0,1
2026-09-04 12:22:49,216.96,0,1
2026-09-04 12:22:49,4.93,0,1
2026-09-04 12:22:49,5.3,0,1
2026-09-04 12:22:49,5.11,0,1
2026-09-04 12:22:49,5.2,0,1
2026-09-04 12:22:49,5.2,0,1
2026-09-04 12:22:49,14.47,0,1
2026-09-04 12:22:49,5.16,0,1
2026-09-04 12:22:50,5.36,0,1
2026-09-04 12:22:50,216.86,0,1
2026-09-04 12:22:50,4.94,0,1
2026-09-04 12:22:50,5.39,0,1
2026-09-04 12:22:50,222.81,0,1
2026-09-04 12:22:51,5.58,0,1
2026-09-04 12:22:51,13.94,0,1
2026-09-04 12:22:51,5.2,0,1
2026-09-04 12:22:51,5.5,0,1
2026-09-04 12:22:51,5.13,0,1
2026-09-04 12:22:51,5.47,0,1
2026-09-04 12:22:51,4.78,0,1
2026-09-04 12:22:51,4.64,0,1
2026-09-04 12:22:52,664.25,0,1
2026-09-04 12:22:52,6.89,0,1
2026-09-04 12:22:52,17.98,0,1
2026-09-04 12:22:52,5.0,0,1
2026-09-04 12:22:53,5.06,0,1
2026-09-04 12:22:53,5.53,0,1
2026-09-04 12:22:53,5.34,0,1
2026-09-04 12:22:53,5.04,0,1
2026-09-04 12:22:53,4.81,0,1
2026-09-04 12:22:53,5.5,0,1
2026-09-04 12:22:53,5.04,0,1
2026-09-04 12:22:53,4.9,0,1
2026-09-04 12:22:53,23.38,0,1
2026-09-04 12:22:53,5.01,0,1
2026-09-04 12:22:54,429.29,0,1
2026-09-04 12:22:54,5.56,0,1
2026-09-04 12:22:54,5.45,0,1
2026-09-04 12:22:54,5.05,0,1
2026-09-04 12:22:54,5.0,0,1
2026-09-04 12:22:55,5.89,0,1
2026-09-04 12:22:55,5.53,0,1
2026-09-04 12:22:55,6.25,0,1
2026-09-04 12:22:55,17.91,0,1
2026-09-04 12:22:55,231.98,0,1
2026-09-04 12:22:55,4.73,0,1
2026-09-04 12:22:55,5.87,0,1
2026-09-04 12:22:56,6.03,0,1
2026-09-04 12:22:56,5.81,0,1
2026-09-04 12:22:56,5.42,0,1
2026-09-04 12:22:56,5.48,0,1
2026-09-04 12:22:56,6.13,0,1
2026-09-04 12:22:56,6.14,0,1
2026-09-04 12:22:56,4.99,0,1
2026-09-04 12:22:56,5.14,0,1
2026-09-04 12:22:56,4.95,0,1
2026-09-04 12:22:56,5.34,0,1
2026-09-04 12:22:57,5.74,0,1
2026-09-04 12:22:57,5.96,0,1
2026-09-04 12:22:57,5.49,0,1
2026-09-04 12:22:57,5.66,0,1
2026-09-04 12:22:57,5.69,0,1
2026-09-04 12:22:57,5.27,0,1
2026-09-04 12:22:57,5.17,0,1
2026-09-04 12:22:57,6.26,0,1
2026-09-04 12:22:57,5.88,0,1
2026-09-04 12:22:58,5.18,0,1
2026-09-04 12:22:58,225.19,0,1
2026-09-04 12:22:58,5.81,0,1
2026-09-04 12:22:58,6.0,0,1
2026-09-04 12:22:58,5.31,0,1
2026-09-04 12:22:58,5.4,0,1
2026-09-04 12:22:58,5.15,0,1
2026-09-04 12:22:59,5.02,0,1
2026-09-04 12:22:59,5.43,0,1
2026-09-04 12:22:59,4.64,0,1
2026-09-04 12:22:59,5.35,0,1
2026-09-04 12:22:59,5.32,0,1
2026-09-04 12:22:59,4.95,0,1
2026-09-04 12:22:59,4.96,0,1
2026-09-04 12:22:59,5.72,0,1
2026-09-04 12:22:59,4.84,0,1
2026-09-04 12:22:59,5.82,0,1
2026-09-04 12:23:00,5.01,0,1
2026-09-04 12:23:00,5.33,0,1
2026-09-04 12:23:00,13.59,0,1
2026-09-04 12:23:00,5.51,0,1
2026-09-04 12:23:00,4.84,0,1
2026-09-04 12:23:00,22.97,0,1
2026-09-04 12:23:00,5.63,0,1
2026-09-04 12:23:00,4.83,0,1
2026-09-04 12:23:00,18.78,0,1
2026-09-04 12:23:01,4.52,0,1
2026-09-04 12:23:01,5.16,0,1
2026-09-04 12:23:01,5.02,0,1
2026-09-04 12:23:01,4.97,0,1
2026-09-04 12:23:01,5.71,0,1
2026-09-04 12:23:01,22.4,0,1
2026-09-04 12:23:01,5.25,0,1
2026-09-04 12:23:01,5.07,0,1
2026-09-04 12:23:01,18.27,0,1
2026-09-04 12:23:02,25.45,0,1
2026-09-04 12:23:02,6.19,0,1
2026-09-04 12:23:02,5.23,0,1
2026-09-04 12:23:02,5.21,0,1
2026-09-04 12:23:02,5.2,0,1
2026-09-04 12:23:02,6.17,0,1
2026-09-04 12:23:02,6.67,0,1
2026-09-04 12:23:02,6.04,0,1
2026-09-04 12:23:02,19.97,0,1
2026-09-04 12:23:03,5.96,0,1
2026-09-04 12:23:03,19.94,0,1
2026-09-04 12:23:03,5.09,0,1
2026-09-04 12:23:04,5000,1,1
2026-09-04 12:23:05,5000,1,1
2026-09-04 12:23:05,87.25,0,1
2026-09-04 12:23:05,23.89,0,1
2026-09-04 12:23:05,5.55,0,1
2026-09-04 12:23:06,6.21,0,1
2026-09-04 12:23:06,5.7,0,1
2026-09-04 12:23:06,5.78,0,1
2026-09-04 12:23:06,5.28,0,1
2026-09-04 12:23:06,5.96,0,1
2026-09-04 12:23:06,5.34,0,1
2026-09-04 12:23:06,22.11,0,1
2026-09-04 12:23:06,40.25,0,1
2026-09-04 12:23:07,593.2,0,1
2026-09-04 12:23:07,4.92,0,1
2026-09-04 12:23:07,228.11,0,1
2026-09-04 12:23:08,5.71,0,1
2026-09-04 12:23:08,17.54,0,1
2026-09-04 12:23:08,5.34,0,1
2026-09-04 12:23:08,5.33,0,1
2026-09-04 12:23:08,5.2,0,1
2026-09-04 12:23:09,703.45,0,1
2026-09-04 12:23:10,690.35,0,1
2026-09-04 12:23:10,5.73,0,1
2026-09-04 12:23:10,6.28,0,1
2026-09-04 12:23:10,5.49,0,1
2026-09-04 12:23:10,5.57,0,1
2026-09-04 12:25:30,6.19,0,1
2026-09-04 12:25:30,5.55,0,1
2026-09-04 12:25:31,5.67,0,1
2026-09-04 12:25:31,5.73,0,1
2026-09-04 12:25:31,7.44,0,1
2026-09-04 12:25:31,5.38,0,1
2026-09-04 12:25:31,4.99,0,1
2026-09-04 12:25:31,5.51,0,1
2026-09-04 12:25:31,4.84,0,1
2026-09-04 12:25:31,5.12,0,1
2026-09-04 12:25:32,638.72,0,1
2026-09-04 12:25:32,5.42,0,1
2026-09-04 12:25:32,4.83,0,1
2026-09-04 12:25:32,14.95,0,1
2026-09-04 12:25:33,5.29,0,1
2026-09-04 12:25:33,6.1,0,1
2026-09-04 12:25:33,6.98,0,1
2026-09-04 12:25:33,6.03,0,1
2026-09-04 12:25:33,12.96,0,1
2026-09-04 12:25:33,5.0,0,1
2026-09-04 12:25:33,5.1,0,1
2026-09-04 12:25:33,5.56,0,1
2026-09-04 12:25:33,5.32,0,1
2026-09-04 12:25:33,5.43,0,1
2026-09-04 12:25:34,5.82,0,1
2026-09-04 12:25:34,5.61,0,1
2026-09-04 12:25:34,13.66,0,1
2026-09-04 12:25:34,5.58,0,1
2026-09-04 12:25:34,5.57,0,1
2026-09-04 12:25:34,5.54,0,1
2026-09-04 12:25:34,5.23,0,1
2026-09-04 12:25:35,228.16,0,1
2026-09-04 12:25:35,4.7,0,1
2026-09-04 12:25:35,5.02,0,1
2026-09-04 12:25:35,13.45,0,1
2026-09-04 12:25:35,6.1,0,1
2026-09-04 12:25:35,6.27,0,1
2026-09-04 12:25:35,216.94,0,1
2026-09-04 12:25:36,5.7,0,1
2026-09-04 12:25:37,5000,1,1
2026-09-04 12:25:37,456.33,0,1
2026-09-04 12:25:37,32.92,0,1
2026-09-04 12:25:37,6.33,0,1
2026-09-04 12:25:38,24.78,0,1
2026-09-04 12:25:38,6.04,0,1
2026-09-04 12:25:38,5.08,0,1
2026-09-04 12:25:38,5.34,0,1
2026-09-04 12:25:38,5.67,0,1
2026-09-04 12:25:38,5.93,0,1
2026-09-04 12:25:38,5.27,0,1
2026-09-04 12:25:38,5.92,0,1
2026-09-04 12:25:38,5.48,0,1
2026-09-04 12:25:39,6.75,0,1
2026-09-04 12:25:39,4.59,0,1
2026-09-04 12:25:39,6.03,0,1
2026-09-04 12:25:39,228.05,0,1
2026-09-04 12:25:39,6.65,0,1
2026-09-04 12:25:39,5.32,0,1
2026-09-04 12:25:39,5.91,0,1
2026-09-04 12:25:39,5.61,0,1
2026-09-04 12:25:40,5.03,0,1
2026-09-04 12:25:40,5.43,0,1
2026-09-04 12:25:40,5.61,0,1
2026-09-04 12:25:40,5.21,0,1
2026-09-04 12:25:40,5.74,0,1
2026-09-04 12:25:40,14.18,0,1
2026-09-04 12:25:40,4.88,0,1
2026-09-04 12:25:40,6.73,0,1
2026-09-04 12:25:40,5.24,0,1
2026-09-04 12:25:41,6.69,0,1
2026-09-04 12:25:41,5.69,0,1
2026-09-04 12:25:41,6.29,0,1
2026-09-04 12:25:41,5.7,0,1
2026-09-04 12:25:41,6.67,0,1
2026-09-04 12:25:41,6.27,0,1
2026-09-04 12:25:41,5.07,0,1
2026-09-04 12:25:41,5.31,0,1
2026-09-04 12:25:41,5.24,0,1
2026-09-04 12:25:42,5.32,0,1
2026-09-04 12:25:42,7.25,0,1
2026-09-04 12:25:42,5.03,0,1
2026-09-04 12:25:42,5.96,0,1
2026-09-04 12:25:42,5.9,0,1
2026-09-04 12:25:43,644.02,0,1
2026-09-04 12:25:43,5.35,0,1
2026-09-04 12:25:43,5.74,0,1
2026-09-04 12:25:43,5.83,0,1
2026-09-04 12:25:43,6.54,0,1
2026-09-04 12:25:43,5.33,0,1
2026-09-04 12:25:43,5.87,0,1
2026-09-04 12:25:43,5.12,0,1
2026-09-04 12:25:44,6.9,0,1
2026-09-04 12:25:44,5.99,0,1
2026-09-04 12:25:44,6.4,0,1
2026-09-04 12:25:44,5.28,0,1
2026-09-04 12:25:44,6.3,0,1
2026-09-04 12:25:44,219.56,0,1
2026-09-04 12:25:44,6.82,0,1
2026-09-04 12:25:45,4.9,0,1
2026-09-04 12:25:45,5.15,0,1
2026-09-04 12:25:45,5.81,0,1
2026-09-04 12:25:45,5.56,0,1
2026-09-04 12:25:45,7.98,0,1
2026-09-04 12:25:46,648.1,0,1
2026-09-04 12:25:46,219.81,0,1
2026-09-04 12:25:46,5.64,0,1
2026-09-04 12:25:46,5.45,0,1
2026-09-04 12:25:46,5.83,0,1
2026-09-04 12:25:46,6.48,0,1
2026-09-04 12:25:47,5.4,0,1
2026-09-04 12:25:47,5.56,0,1
2026-09-04 12:25:47,4.73,0,1
2026-09-04 12:25:47,5.07,0,1
2026-09-04 12:25:47,5.83,0,1
2026-09-04 12:25:47,4.65,0,1
2026-09-04 12:25:47,6.23,0,1
2026-09-04 12:25:47,5.07,0,1
2026-09-04 12:25:48,5000,1,1
2026-09-04 12:25:50,5000,1,1
2026-09-04 12:25:51,953.08,0,1
2026-09-04 12:25:51,4.9,0,1
2026-09-04 12:25:51,4.79,0,1
2026-09-04 12:25:51,5.49,0,1
2026-09-04 12:25:51,5.19,0,1
2026-09-04 12:25:51,6.12,0,1
2026-09-04 12:25:52,456.61,0,1
2026-09-04 12:25:52,13.51,0,1
2026-09-04 12:25:52,5.56,0,1
2026-09-04 12:25:52,6.38,0,1
2026-09-04 12:25:52,5.09,0,1
2026-09-04 12:25:52,5.32,0,1
2026-09-04 12:25:52,4.94,0,1
2026-09-04 12:25:53,232.38,0,1
2026-09-04 12:25:53,5.41,0,1
2026-09-04 12:25:53,5.68,0,1
2026-09-04 12:25:53,5.8,0,1
2026-09-04 12:25:53,6.3,0,1
2026-09-04 12:25:53,5.52,0,1
2026-09-04 12:25:53,5.44,0,1
2026-09-04 12:25:54,225.41,0,1
2026-09-04 12:25:54,5.68,0,1
2026-09-04 12:25:54,6.47,0,1
2026-09-04 12:25:54,5.86,0,1
2026-09-04 12:25:54,5.53,0,1
2026-09-04 12:25:55,5000,1,1
2026-09-04 12:25:56,383.25,0,1
2026-09-04 12:25:56,5.81,0,1
2026-09-04 12:25:56,6.31,0,1
2026-09-04 12:25:56,14.24,0,1
2026-09-04 12:25:56,6.28,0,1
2026-09-04 12:25:56,6.02,0,1
2026-09-04 12:25:56,5.53,0,1
2026-09-04 12:25:56,5.11,0,1
2026-09-04 12:25:56,5.43,0,1
2026-09-04 12:25:57,5.71,0,1
2026-09-04 12:25:57,6.98,0,1
2026-09-04 12:25:57,5.65,0,1
2026-09-04 12:25:57,5.36,0,1
2026-09-04 12:25:57,6.06,0,1
2026-09-04 12:25:57,7.13,0,1
2026-09-04 12:25:57,5.08,0,1
2026-09-04 12:25:57,5.2,0,1
2026-09-04 12:25:57,5.63,0,1
2026-09-04 12:25:58,6.49,0,1
2026-09-04 12:25:58,5.78,0,1
2026-09-04 12:25:58,230.22,0,1
2026-09-04 12:25:58,5.59,0,1
2026-09-04 12:25:58,6.88,0,1
2026-09-04 12:25:58,5.06,0,1
2026-09-04 12:25:58,6.39,0,1
2026-09-04 12:25:59,5.98,0,1
2026-09-04 12:25:59,5.18,0,1
2026-09-04 12:25:59,5.77,0,1
2026-09-04 12:25:59,5.07,0,1
2026-09-04 12:25:59,4.91,0,1
2026-09-04 12:25:59,5.81,0,1
2026-09-04 12:25:59,6.12,0,1
2026-09-04 12:25:59,6.16,0,1
2026-09-04 12:25:59,6.47,0,1
2026-09-04 12:25:59,6.1,0,1
2026-09-04 12:26:00,6.01,0,1
2026-09-04 12:26:00,6.31,0,1
2026-09-04 12:26:00,5.61,0,1
2026-09-04 12:26:00,5.36,0,1
2026-09-04 12:26:00,229.68,0,1
2026-09-04 12:28:20,0.85,0,1
2026-09-04 12:28:21,31.05,0,1
2026-09-04 12:28:21,32.4,0,1
2026-09-04 12:28:21,325.18,0,1
2026-09-04 12:28:21,78.69,0,1
2026-09-04 12:28:22,964.83,0,1
2026-09-04 12:28:23,31.26,0,1
2026-09-04 12:28:23,298.2,0,1
2026-09-04 12:28:23,33.23,0,1
2026-09-04 12:28:24,315.24,0,1
2026-09-04 12:28:24,32.67,0,1
2026-09-04 12:28:24,297.93,0,1
2026-09-04 12:28:24,16.03,0,1
2026-09-04 12:28:24,15.61,0,1
2026-09-04 12:28:24,31.71,0,1
2026-09-04 12:28:25,34.65,0,1
2026-09-04 12:28:25,31.28,0,1
2026-09-04 12:28:25,31.28,0,1
2026-09-04 12:28:26,5000,1,1
2026-09-04 12:28:27,5000,1,1
2026-09-04 12:28:27,47.99,0,1
2026-09-04 12:28:27,19.0,0,1
2026-09-04 12:28:28,807.62,0,1
2026-09-04 12:28:29,109.03,0,1
2026-09-04 12:28:29,77.64,0,1
2026-09-04 12:28:29,295.0,0,1
2026-09-04 12:28:30,344.9,0,1
2026-09-04 12:28:30,30.87,0,1
2026-09-04 12:28:30,29.86,0,1
2026-09-04 12:28:30,32.24,0,1
2026-09-04 12:28:30,15.57,0,1
2026-09-04 12:28:30,31.93,0,1
2026-09-04 12:28:30,15.3,0,1
2026-09-04 12:28:31,329.27,0,1
2026-09-04 12:28:31,33.39,0,1
2026-09-04 12:28:31,32.62,0,1
2026-09-04 12:28:32,5000,1,1
2026-09-04 12:28:33,969.39,0,1
2026-09-04 12:28:33,30.78,0,1
2026-09-04 12:28:34,31.11,0,1
2026-09-04 12:28:34,31.38,0,1
2026-09-04 12:28:34,30.48,0,1
2026-09-04 12:28:34,32.38,0,1
2026-09-04 12:28:34,31.59,0,1
2026-09-04 12:28:34,19.34,0,1
2026-09-04 12:28:34,32.03,0,1
2026-09-04 12:28:35,68.66,0,1
2026-09-04 12:28:35,30.98,0,1
2026-09-04 12:28:35,50.46,0,1
2026-09-04 12:28:35,32.0,0,1
2026-09-04 12:28:36,736.89,0,1
2026-09-04 12:28:36,30.64,0,1
2026-09-04 12:28:36,309.65,0,1
2026-09-04 12:28:37,31.69,0,1
2026-09-04 12:28:37,31.3,0,1
2026-09-04 12:28:37,31.17,0,1
2026-09-04 12:28:37,77.53,0,1
2026-09-04 12:28:37,30.0,0,1
2026-09-04 12:28:37,32.5,0,1
2026-09-04 12:28:37,30.74,0,1
2026-09-04 12:28:38,31.99,0,1
2026-09-04 12:28:38,31.27,0,1
2026-09-04 12:28:38,31.93,0,1
2026-09-04 12:28:38,32.14,0,1
2026-09-04 12:28:38,30.98,0,1
2026-09-04 12:28:38,31.73,0,1
2026-09-04 12:28:38,75.14,0,1
2026-09-04 12:28:40,967.88,0,1
2026-09-04 12:28:40,30.79,0,1
2026-09-04 12:28:40,31.4,0,1
2026-09-04 12:28:40,31.12,0,1
2026-09-04 12:28:40,32.53,0,1
2026-09-04 12:28:40,139.32,0,1
2026-09-04 12:28:41,31.23,0,1
2026-09-04 12:28:41,75.84,0,1
2026-09-04 12:28:41,311.47,0,1
2026-09-04 12:28:41,31.07,0,1
2026-09-04 12:28:42,292.15,0,1
2026-09-04 12:28:42,22.64,0,1
2026-09-04 12:28:42,30.92,0,1
2026-09-04 12:28:42,32.19,0,1
2026-09-04 12:28:42,307.27,0,1
2026-09-04 12:28:43,22.56,0,1
2026-09-04 12:28:43,32.44,0,1
2026-09-04 12:28:43,32.96,0,1
2026-09-04 12:28:43,93.43,0,1
2026-09-04 12:28:43,32.07,0,1
2026-09-04 12:28:43,73.32,0,1
2026-09-04 12:28:45,5000,1,1
2026-09-04 12:28:45,686.64,0,1
2026-09-04 12:28:45,31.42,0,1
2026-09-04 12:28:46,31.42,0,1
2026-09-04 12:28:46,32.62,0,1
2026-09-04 12:28:46,30.63,0,1
2026-09-04 12:28:46,30.46,0,1
2026-09-04 12:28:47,5000,1,1
2026-09-04 12:28:48,603.9,0,1
2026-09-04 12:28:48,31.35,0,1
2026-09-04 12:28:48,344.18,0,1
2026-09-04 12:28:49,30.96,0,1
2026-09-04 12:28:49,31.73,0,1
2026-09-04 12:28:49,99.87,0,1
2026-09-04 12:28:49,31.98,0,1
2026-09-04 12:28:49,31.85,0,1
2026-09-04 12:28:50,311.67,0,1
2026-09-04 12:28:50,16.28,0,1
2026-09-04 12:28:50,371.95,0,1
2026-09-04 12:28:50,30.96,0,1
2026-09-04 12:28:50,6.8,0,1
2026-09-04 12:31:11,31.26,0,1
2026-09-04 12:31:11,31.23,0,1
2026-09-04 12:31:11,31.07,0,1
2026-09-04 12:31:11,15.57,0,1
2026-09-04 12:31:11,23.22,0,1
2026-09-04 12:31:12,63.62,0,1
2026-09-04 12:31:12,15.59,0,1
2026-09-04 12:31:12,30.46,0,1
2026-09-04 12:31:12,77.16,0,1
2026-09-04 12:31:12,31.07,0,1
2026-09-04 12:31:12,31.65,0,1
2026-09-04 12:31:12,32.37,0,1
2026-09-04 12:31:13,55.61,0,1
2026-09-04 12:31:13,78.05,0,1
2026-09-04 12:31:13,30.5,0,1
2026-09-04 12:31:13,124.53,0,1
2026-09-04 12:31:13,30.39,0,1
2026-09-04 12:31:13,31.65,0,1
2026-09-04 12:31:14,30.74,0,1
2026-09-04 12:31:14,32.08,0,1
2026-09-04 12:31:14,31.4,0,1
2026-09-04 12:31:14,30.71,0,1
2026-09-04 12:31:14,31.27,0,1
2026-09-04 12:31:14,79.05,0,1
2026-09-04 12:31:15,296.22,0,1
2026-09-04 12:31:16,5000,1,1
2026-09-04 12:31:17,571.69,0,1
2026-09-04 12:31:17,30.85,0,1
2026-09-04 12:31:17,31.24,0,1
2026-09-04 12:31:17,31.69,0,1
2026-09-04 12:31:17,30.99,0,1
2026-09-04 12:31:17,31.09,0,1
2026-09-04 12:31:17,31.0,0,1
2026-09-04 12:31:17,18.79,0,1
2026-09-04 12:31:18,790.55,0,1
2026-09-04 12:31:19,31.23,0,1
2026-09-04 12:31:19,31.67,0,1
2026-09-04 12:31:19,32.08,0,1
2026-09-04 12:31:19,31.0,0,1
2026-09-04 12:31:19,20.57,0,1
2026-09-04 12:31:19,31.53,0,1
2026-09-04 12:31:19,31.47,0,1
2026-09-04 12:31:19,16.21,0,1
2026-09-04 12:31:20,32.18,0,1
2026-09-04 12:31:20,31.09,0,1
2026-09-04 12:31:20,16.18,0,1
2026-09-04 12:31:20,21.65,0,1
2026-09-04 12:31:20,31.34,0,1
2026-09-04 12:31:20,31.03,0,1
2026-09-04 12:31:20,18.87,0,1
2026-09-04 12:31:21,31.77,0,1
2026-09-04 12:31:21,31.49,0,1
2026-09-04 12:31:21,33.21,0,1
2026-09-04 12:31:21,31.68,0,1
2026-09-04 12:31:21,31.0,0,1
2026-09-04 12:31:21,30.89,0,1
2026-09-04 12:31:21,31.65,0,1
2026-09-04 12:31:22,21.99,0,1
2026-09-04 12:31:22,15.64,0,1
2026-09-04 12:31:22,31.05,0,1
2026-09-04 12:31:22,31.86,0,1
2026-09-04 12:31:22,31.33,0,1
2026-09-04 12:31:22,31.88,0,1
2026-09-04 12:31:22,62.32,0,1
2026-09-04 12:31:22,16.28,0,1
2026-09-04 12:31:23,32.93,0,1
2026-09-04 12:31:23,31.87,0,1
2026-09-04 12:31:23,30.63,0,1
2026-09-04 12:31:23,31.31,0,1
2026-09-04 12:31:23,31.92,0,1
2026-09-04 12:31:23,32.02,0,1
2026-09-04 12:31:24,126.91,0,1
2026-09-04 12:31:24,30.95,0,1
2026-09-04 12:31:24,32.61,0,1
2026-09-04 12:31:24,31.91,0,1
2026-09-04 12:31:24,32.33,0,1
2026-09-04 12:31:24,32.29,0,1
2026-09-04 12:31:24,15.3,0,1
2026-09-04 12:31:25,31.63,0,1
2026-09-04 12:31:25,125.15,0,1
2026-09-04 12:31:25,27.21,0,1
2026-09-04 12:31:25,32.14,0,1
2026-09-04 12:31:25,32.0,0,1
2026-09-04 12:31:25,31.54,0,1
2026-09-04 12:31:25,32.62,0,1
2026-09-04 12:31:26,31.13,0,1
2026-09-04 12:31:26,279.01,0,1
2026-09-04 12:31:26,30.64,0,1
2026-09-04 12:31:26,23.92,0,1
2026-09-04 12:31:26,30.6,0,1
2026-09-04 12:31:27,31.72,0,1
2026-09-04 12:31:27,19.73,0,1
2026-09-04 12:31:27,29.73,0,1
2026-09-04 12:31:27,78.46,0,1
2026-09-04 12:31:27,32.47,0,1
2026-09-04 12:31:27,27.94,0,1
2026-09-04 12:31:28,295.62,0,1
2026-09-04 12:31:28,24.36,0,1
2026-09-04 12:31:29,5000,1,1
2026-09-04 12:31:30,5000,1,1
2026-09-04 12:31:31,5000,1,1
2026-09-04 12:31:32,345.08,0,1
2026-09-04 12:31:32,31.43,0,1
2026-09-04 12:31:32,63.6,0,1
2026-09-04 12:31:32,31.48,0,1
2026-09-04 12:31:32,294.34,0,1
2026-09-04 12:31:33,30.83,0,1
2026-09-04 12:31:33,20.82,0,1
2026-09-04 12:31:33,32.0,0,1
2026-09-04 12:31:33,30.98,0,1
2026-09-04 12:31:33,16.19,0,1
2026-09-04 12:31:33,31.57,0,1
2026-09-04 12:31:33,32.07,0,1
2026-09-04 12:31:34,79.39,0,1
2026-09-04 12:31:34,29.52,0,1
2026-09-04 12:31:34,139.62,0,1
2026-09-04 12:31:34,32.06,0,1
2026-09-04 12:31:34,15.22,0,1
2026-09-04 12:31:34,30.93,0,1
2026-09-04 12:31:34,20.32,0,1
2026-09-04 12:31:35,31.32,0,1
2026-09-04 12:31:35,19.26,0,1
2026-09-04 12:31:35,19.08,0,1
2026-09-04 12:31:35,62.97,0,1
2026-09-04 12:31:35,31.1,0,1
2026-09-04 12:31:35,31.16,0,1
2026-09-04 12:31:35,14.91,0,1
2026-09-04 12:31:36,31.81,0,1
2026-09-04 12:31:36,31.85,0,1
2026-09-04 12:31:36,295.87,0,1
2026-09-04 12:31:36,30.59,0,1
2026-09-04 12:31:36,31.01,0,1
2026-09-04 12:31:37,31.57,0,1
2026-09-04 12:31:37,141.54,0,1
2026-09-04 12:31:37,30.67,0,1
2026-09-04 12:31:37,31.95,0,1
2026-09-04 12:31:38,786.13,0,1
2026-09-04 12:31:38,26.63,0,1
2026-09-04 12:31:38,24.29,0,1
2026-09-04 12:31:38,30.92,0,1
2026-09-04 12:31:38,15.98,0,1
2026-09-04 12:31:39,32.33,0,1
2026-09-04 12:31:39,76.82,0,1
2026-09-04 12:31:39,31.21,0,1
2026-09-04 12:31:39,31.66,0,1
2026-09-04 12:31:39,31.21,0,1
2026-09-04 12:31:39,30.48,0,1
2026-09-04 12:31:40,32.38,0,1
2026-09-04 12:31:40,16.27,0,1
2026-09-04 12:31:40,8.02,0,1
2026-09-04 12:31:40,31.43,0,1
2026-09-04 12:31:40,30.71,0,1
2026-09-04 12:31:40,30.11,0,1
2026-09-04 12:31:40,31.43,0,1
2026-09-04 12:31:40,31.27,0,1
2026-09-04 12:31:41,30.59,0,1
2026-09-04 12:31:41,31.82,0,1
2026-09-04 12:34:01,20.71,0,1
2026-09-04 12:34:01,33.39,0,1
2026-09-04 12:34:02,294.9,0,1
2026-09-04 12:34:02,31.82,0,1
2026-09-04 12:34:02,16.07,0,1
2026-09-04 12:34:02,297.92,0,1
2026-09-04 12:34:02,18.65,0,1
2026-09-04 12:34:03,125.56,0,1
2026-09-04 12:34:03,92.21,0,1
2026-09-04 12:34:03,32.81,0,1
2026-09-04 12:34:03,31.74,0,1
2026-09-04 12:34:03,31.84,0,1
2026-09-04 12:34:03,30.89,0,1
2026-09-04 12:34:04,20.84,0,1
2026-09-04 12:34:04,30.7,0,1
2026-09-04 12:34:04,31.83,0,1
2026-09-04 12:34:04,16.06,0,1
2026-09-04 12:34:04,31.68,0,1
2026-09-04 12:34:04,324.4,0,1
2026-09-04 12:34:05,28.98,0,1
2026-09-04 12:34:05,32.55,0,1
2026-09-04 12:34:05,124.72,0,1
2026-09-04 12:34:05,29.66,0,1
2026-09-04 12:34:06,5000,1,1
2026-09-04 12:34:07,720.22,0,1
2026-09-04 12:34:07,157.08,0,1
2026-09-04 12:34:07,32.05,0,1
2026-09-04 12:34:08,15.41,0,1
2026-09-04 12:34:08,31.36,0,1
2026-09-04 12:34:08,31.37,0,1
2026-09-04 12:34:08,78.83,0,1
2026-09-04 12:34:08,30.99,0,1
2026-09-04 12:34:08,32.14,0,1
2026-09-04 12:34:08,32.75,0,1
2026-09-04 12:34:09,31.33,0,1
2026-09-04 12:34:09,23.51,0,1
2026-09-04 12:34:09,31.86,0,1
2026-09-04 12:34:09,19.64,0,1
2026-09-04 12:34:09,31.26,0,1
2026-09-04 12:34:09,33.09,0,1
2026-09-04 12:34:09,30.98,0,1
2026-09-04 12:34:10,16.2,0,1
2026-09-04 12:34:10,31.19,0,1
2026-09-04 12:34:10,32.98,0,1
2026-09-04 12:34:10,16.2,0,1
2026-09-04 12:34:10,31.25,0,1
2026-09-04 12:34:10,79.85,0,1
2026-09-04 12:34:10,32.02,0,1
2026-09-04 12:34:11,31.25,0,1
2026-09-04 12:34:11,32.96,0,1
2026-09-04 12:34:11,19.18,0,1
2026-09-04 12:34:11,30.68,0,1
2026-09-04 12:34:11,15.3,0,1
2026-09-04 12:34:11,30.79,0,1
2026-09-04 12:34:11,31.13,0,1
2026-09-04 12:34:11,32.23,0,1
2026-09-04 12:34:12,31.01,0,1
2026-09-04 12:34:12,283.85,0,1
2026-09-04 12:34:12,31.34,0,1
2026-09-04 12:34:12,27.21,0,1
2026-09-04 12:34:12,21.3,0,1
2026-09-04 12:34:13,31.36,0,1
2026-09-04 12:34:13,76.68,0,1
2026-09-04 12:34:13,32.1,0,1
2026-09-04 12:34:13,18.12,0,1
2026-09-04 12:34:13,33.6,0,1
2026-09-04 12:34:13,33.65,0,1
2026-09-04 12:34:13,31.53,0,1
2026-09-04 12:34:14,31.42,0,1
2026-09-04 12:34:14,31.53,0,1
2026-09-04 12:34:14,277.85,0,1
2026-09-04 12:34:14,31.49,0,1
2026-09-04 12:34:14,95.11,0,1
2026-09-04 12:34:15,30.08,0,1
2026-09-04 12:34:15,31.35,0,1
2026-09-04 12:34:15,31.72,0,1
2026-09-04 12:34:15,6.39,0,1
2026-09-04 12:34:15,7.13,0,1
2026-09-04 12:34:15,109.79,0,1
2026-09-04 12:34:15,30.54,0,1
2026-09-04 12:34:16,31.2,0,1
2026-09-04 12:34:16,18.69,0,1
2026-09-04 12:34:16,286.23,0,1
2026-09-04 12:34:16,33.33,0,1
2026-09-04 12:34:16,31.04,0,1
2026-09-04 12:34:17,30.45,0,1
2026-09-04 12:34:17,30.99,0,1
2026-09-04 12:34:17,342.18,0,1
2026-09-04 12:34:17,31.82,0,1
2026-09-04 12:34:18,188.01,0,1
2026-09-04 12:34:18,31.36,0,1
2026-09-04 12:34:18,32.09,0,1
2026-09-04 12:34:18,279.61,0,1
2026-09-04 12:34:18,31.16,0,1
2026-09-04 12:34:18,33.01,0,1
2026-09-04 12:34:19,31.94,0,1
2026-09-04 12:34:19,15.92,0,1
2026-09-04 12:34:19,33.22,0,1
2026-09-04 12:34:19,31.33,0,1
2026-09-04 12:34:19,31.78,0,1
2026-09-04 12:34:19,33.16,0,1
2026-09-04 12:34:19,31.03,0,1
2026-09-04 12:34:20,30.94,0,1
2026-09-04 12:34:20,32.3,0,1
2026-09-04 12:34:20,30.48,0,1
2026-09-04 12:34:20,16.81,0,1
2026-09-04 12:34:20,31.85,0,1
2026-09-04 12:34:20,31.63,0,1
2026-09-04 12:34:20,31.67,0,1
2026-09-04 12:34:21,23.04,0,1
2026-09-04 12:34:21,31.26,0,1
2026-09-04 12:34:21,18.58,0,1
2026-09-04 12:34:21,305.74,0,1
2026-09-04 12:34:21,31.66,0,1
2026-09-04 12:34:21,31.03,0,1
2026-09-04 12:34:23,981.81,0,1
2026-09-04 12:34:23,30.69,0,1
2026-09-04 12:34:23,32.71,0,1
2026-09-04 12:34:23,18.37,0,1
2026-09-04 12:34:23,31.91,0,1
2026-09-04 12:34:23,78.04,0,1
2026-09-04 12:34:24,295.0,0,1
2026-09-04 12:34:24,31.97,0,1
2026-09-04 12:34:24,296.72,0,1
2026-09-04 12:34:24,31.96,0,1
2026-09-04 12:34:25,16.08,0,1
2026-09-04 12:34:25,32.22,0,1
2026-09-04 12:34:25,25.24,0,1
2026-09-04 12:34:25,32.7,0,1
2026-09-04 12:34:25,325.21,0,1
2026-09-04 12:34:26,27.88,0,1
2026-09-04 12:34:26,31.29,0,1
2026-09-04 12:34:26,31.27,0,1
2026-09-04 12:34:26,22.4,0,1
2026-09-04 12:34:26,31.48,0,1
2026-09-04 12:34:26,32.45,0,1
2026-09-04 12:34:26,28.4,0,1
2026-09-04 12:34:27,308.5,0,1
2026-09-04 12:34:27,278.81,0,1
2026-09-04 12:34:27,32.09,0,1
2026-09-04 12:34:27,31.31,0,1
2026-09-04 12:34:28,33.3,0,1
2026-09-04 12:34:28,30.89,0,1
2026-09-04 12:34:28,31.14,0,1
2026-09-04 12:34:28,20.96,0,1
2026-09-04 12:34:28,29.42,0,1
2026-09-04 12:34:28,30.83,0,1
2026-09-04 12:34:28,30.06,0,1
2026-09-04 12:34:29,21.76,0,1
2026-09-04 12:34:29,32.03,0,1
2026-09-04 12:34:29,32.28,0,1
2026-09-04 12:34:29,30.19,0,1
2026-09-04 12:34:29,31.38,0,1
2026-09-04 12:34:29,18.49,0,1
2026-09-04 12:34:29,32.45,0,1
2026-09-04 12:34:30,906.69,0,1
2026-09-04 12:36:51,61.78,0,1
2026-09-04 12:36:51,94.59,0,1
2026-09-04 12:36:52,31.74,0,1
2026-09-04 12:36:52,30.29,0,1
2026-09-04 12:36:52,30.28,0,1
2026-09-04 12:36:52,30.76,0,1
2026-09-04 12:36:52,31.67,0,1
2026-09-04 12:36:53,809.39,0,1
2026-09-04 12:36:53,30.95,0,1
2026-09-04 12:36:53,31.03,0,1
2026-09-04 12:36:53,9.67,0,1
2026-09-04 12:36:54,30.98,0,1
2026-09-04 12:36:54,31.66,0,1
2026-09-04 12:36:55,798.73,0,1
2026-09-04 12:36:55,31.1,0,1
2026-09-04 12:36:55,31.59,0,1
2026-09-04 12:36:55,31.38,0,1
2026-09-04 12:36:55,31.69,0,1
2026-09-04 12:36:55,33.23,0,1
2026-09-04 12:36:56,30.61,0,1
2026-09-04 12:36:56,31.17,0,1
2026-09-04 12:36:56,35.2,0,1
2026-09-04 12:36:56,31.21,0,1
2026-09-04 12:36:56,30.77,0,1
2026-09-04 12:36:57,5000,1,1
2026-09-04 12:36:58,5000,1,1
2026-09-04 12:36:59,5000,1,1
2026-09-04 12:37:00,359.99,0,1
2026-09-04 12:37:00,32.12,0,1
2026-09-04 12:37:00,30.14,0,1
2026-09-04 12:37:00,31.4,0,1
2026-09-04 12:37:00,30.24,0,1
2026-09-04 12:37:01,24.14,0,1
2026-09-04 12:37:01,31.92,0,1
2026-09-04 12:37:01,325.99,0,1
2026-09-04 12:37:01,31.44,0,1
2026-09-04 12:37:01,30.35,0,1
2026-09-04 12:37:02,31.88,0,1
2026-09-04 12:37:02,30.74,0,1
2026-09-04 12:37:02,32.11,0,1
2026-09-04 12:37:02,31.91,0,1
2026-09-04 12:37:02,31.19,0,1
2026-09-04 12:37:02,31.2,0,1
2026-09-04 12:37:02,30.98,0,1
2026-09-04 12:37:03,32.15,0,1
2026-09-04 12:37:03,32.32,0,1
2026-09-04 12:37:03,15.91,0,1
2026-09-04 12:37:03,32.33,0,1
2026-09-04 12:37:04,808.19,0,1
2026-09-04 12:37:04,31.89,0,1
2026-09-04 12:37:04,19.08,0,1
2026-09-04 12:37:04,31.4,0,1
2026-09-04 12:37:04,30.7,0,1
2026-09-04 12:37:05,30.35,0,1
2026-09-04 12:37:05,31.82,0,1
2026-09-04 12:37:05,270.43,0,1
2026-09-04 12:37:05,5.1,0,1
2026-09-04 12:37:05,5.34,0,1
2026-09-04 12:37:05,6.05,0,1
2026-09-04 12:37:05,5.17,0,1
2026-09-04 12:37:06,17.74,0,1
2026-09-04 12:37:06,31.18,0,1
2026-09-04 12:37:06,30.71,0,1
2026-09-04 12:37:06,5.64,0,1
2026-09-04 12:37:06,5.46,0,1
2026-09-04 12:37:06,5.48,0,1
2026-09-04 12:37:06,5.19,0,1
2026-09-04 12:37:06,5.99,0,1
2026-09-04 12:37:07,4.85,0,1
2026-09-04 12:37:07,255.76,0,1
2026-09-04 12:37:07,32.36,0,1
2026-09-04 12:37:07,30.86,0,1
2026-09-04 12:37:07,30.95,0,1
2026-09-04 12:37:07,31.62,0,1
2026-09-04 12:37:08,30.79,0,1
2026-09-04 12:37:08,31.43,0,1
2026-09-04 12:37:08,185.59,0,1
2026-09-04 12:37:08,16.46,0,1
2026-09-04 12:37:08,30.64,0,1
2026-09-04 12:37:08,31.22,0,1
2026-09-04 12:37:09,31.31,0,1
2026-09-04 12:37:09,32.51,0,1
2026-09-04 12:37:09,31.22,0,1
2026-09-04 12:37:09,31.28,0,1
2026-09-04 12:37:09,30.68,0,1
2026-09-04 12:37:09,30.45,0,1
2026-09-04 12:37:10,818.2,0,1
2026-09-04 12:37:10,31.97,0,1
2026-09-04 12:37:10,31.53,0,1
2026-09-04 12:37:11,28.47,0,1
2026-09-04 12:37:11,31.5,0,1
2026-09-04 12:37:11,31.94,0,1
2026-09-04 12:37:11,109.11,0,1
2026-09-04 12:37:11,16.08,0,1
2026-09-04 12:37:11,32.82,0,1
2026-09-04 12:37:11,30.72,0,1
2026-09-04 12:37:12,16.64,0,1
2026-09-04 12:37:12,27.25,0,1
2026-09-04 12:37:12,31.92,0,1
2026-09-04 12:37:12,28.88,0,1
2026-09-04 12:37:12,32.04,0,1
2026-09-04 12:37:13,310.06,0,1
2026-09-04 12:37:13,32.05,0,1
2026-09-04 12:37:13,32.49,0,1
2026-09-04 12:37:13,30.49,0,1
2026-09-04 12:37:13,109.38,0,1
2026-09-04 12:37:13,32.74,0,1
2026-09-04 12:37:13,30.93,0,1
2026-09-04 12:37:14,32.1,0,1
2026-09-04 12:37:14,296.93,0,1
2026-09-04 12:37:14,31.65,0,1
2026-09-04 12:37:14,30.2,0,1
2026-09-04 12:37:14,31.6,0,1
2026-09-04 12:37:15,29.78,0,1
2026-09-04 12:37:15,31.61,0,1
2026-09-04 12:37:15,31.03,0,1
2026-09-04 12:37:15,30.63,0,1
2026-09-04 12:37:15,32.63,0,1
2026-09-04 12:37:15,31.03,0,1
2026-09-04 12:37:15,19.72,0,1
2026-09-04 12:37:16,31.39,0,1
2026-09-04 12:37:16,34.0,0,1
2026-09-04 12:37:16,5.77,0,1
2026-09-04 12:37:16,295.27,0,1
2026-09-04 12:37:16,71.26,0,1
2026-09-04 12:37:17,27.45,0,1
2026-09-04 12:37:17,793.35,0,1
2026-09-04 12:37:18,318.68,0,1
2026-09-04 12:37:18,75.92,0,1
2026-09-04 12:37:18,24.99,0,1
2026-09-04 12:37:18,30.94,0,1
2026-09-04 12:37:18,31.94,0,1
2026-09-04 12:37:19,31.62,0,1
2026-09-04 12:37:19,283.97,0,1
2026-09-04 12:37:19,32.12,0,1
2026-09-04 12:37:19,30.82,0,1
2026-09-04 12:37:20,5000,1,1
2026-09-04 12:39:42,110.16,0,1
2026-09-04 12:39:42,23.08,0,1
2026-09-04 12:39:42,5.2,0,1
2026-09-04 12:39:42,31.02,0,1
2026-09-04 12:39:42,31.63,0,1
2026-09-04 12:39:42,16.22,0,1
2026-09-04 12:39:42,32.62,0,1
2026-09-04 12:39:43,31.92,0,1
2026-09-04 12:39:43,4.99,0,1
2026-09-04 12:39:43,5.6,0,1
2026-09-04 12:39:43,6.03,0,1
2026-09-04 12:39:43,228.94,0,1
2026-09-04 12:39:43,30.94,0,1
2026-09-04 12:39:43,31.18,0,1
2026-09-04 12:39:44,269.76,0,1
2026-09-04 12:39:44,5.24,0,1
2026-09-04 12:39:44,233.33,0,1
2026-09-04 12:39:44,5.23,0,1
2026-09-04 12:39:44,6.0,0,1
2026-09-04 12:39:45,5.26,0,1
2026-09-04 12:39:45,5.36,0,1
2026-09-04 12:39:45,5.46,0,1
2026-09-04 12:39:45,5.32,0,1
2026-09-04 12:39:45,5.31,0,1
2026-09-04 12:39:45,5.11,0,1
2026-09-04 12:39:45,227.75,0,1
2026-09-04 12:39:46,4.64,0,1
2026-09-04 12:39:46,5.36,0,1
2026-09-04 12:39:46,5.86,0,1
2026-09-04 12:39:46,6.12,0,1
2026-09-04 12:39:46,5.27,0,1
2026-09-04 12:39:46,4.84,0,1
2026-09-04 12:39:46,5.29,0,1
2026-09-04 12:39:46,5.19,0,1
2026-09-04 12:39:46,5.47,0,1
2026-09-04 12:39:47,440.59,0,1
2026-09-04 12:39:47,5.5,0,1
2026-09-04 12:39:47,5.92,0,1
2026-09-04 12:39:47,5.39,0,1
2026-09-04 12:39:47,18.02,0,1
2026-09-04 12:39:47,5.38,0,1
2026-09-04 12:39:48,4.84,0,1
2026-09-04 12:39:48,216.06,0,1
2026-09-04 12:39:48,5.28,0,1
2026-09-04 12:39:48,6.16,0,1
2026-09-04 12:39:48,5.14,0,1
2026-09-04 12:39:48,18.94,0,1
2026-09-04 12:39:48,5.28,0,1
2026-09-04 12:39:49,17.02,0,1
2026-09-04 12:39:49,5.18,0,1
2026-09-04 12:39:49,5.4,0,1
2026-09-04 12:39:49,5.53,0,1
2026-09-04 12:39:50,644.6,0,1
2026-09-04 12:39:50,5.26,0,1
2026-09-04 12:39:50,5.79,0,1
2026-09-04 12:39:50,4.66,0,1
2026-09-04 12:39:50,5.22,0,1
2026-09-04 12:39:50,6.39,0,1
2026-09-04 12:39:50,5.36,0,1
2026-09-04 12:39:50,6.23,0,1
2026-09-04 12:39:50,4.82,0,1
2026-09-04 12:39:51,5.86,0,1
2026-09-04 12:39:51,6.25,0,1
2026-09-04 12:39:51,5.55,0,1
2026-09-04 12:39:51,5.04,0,1
2026-09-04 12:39:51,5.1,0,1
2026-09-04 12:39:51,5.57,0,1
2026-09-04 12:39:51,5.3,0,1
2026-09-04 12:39:51,23.42,0,1
2026-09-04 12:39:51,5.61,0,1
2026-09-04 12:39:52,6.56,0,1
2026-09-04 12:39:52,6.57,0,1
2026-09-04 12:39:52,6.26,0,1
2026-09-04 12:39:52,5.67,0,1
2026-09-04 12:39:52,5.92,0,1
2026-09-04 12:39:52,5.47,0,1
2026-09-04 12:39:52,5.69,0,1
2026-09-04 12:39:52,5.09,0,1
2026-09-04 12:39:53,284.13,0,1
2026-09-04 12:39:53,4.87,0,1
2026-09-04 12:39:53,17.61,0,1
2026-09-04 12:39:53,18.87,0,1
2026-09-04 12:39:53,5.16,0,1
2026-09-04 12:39:53,5.21,0,1
2026-09-04 12:39:53,5.49,0,1
2026-09-04 12:39:53,5.7,0,1
2026-09-04 12:39:54,5.42,0,1
2026-09-04 12:39:54,22.5,0,1
2026-09-04 12:39:54,218.4,0,1
2026-09-04 12:39:54,5.41,0,1
2026-09-04 12:39:54,5.25,0,1
2026-09-04 12:39:54,5.1,0,1
2026-09-04 12:39:54,5.16,0,1
2026-09-04 12:39:55,5.54,0,1
2026-09-04 12:39:55,5.77,0,1
2026-09-04 12:39:55,4.97,0,1
2026-09-04 12:39:55,4.82,0,1
2026-09-04 12:39:55,5.52,0,1
2026-09-04 12:39:55,5.01,0,1
2026-09-04 12:39:56,644.09,0,1
2026-09-04 12:39:56,23.62,0,1
2026-09-04 12:39:56,5.99,0,1
2026-09-04 12:39:56,5.51,0,1
2026-09-04 12:39:56,5.18,0,1
2026-09-04 12:39:56,17.65,0,1
2026-09-04 12:39:57,6.09,0,1
2026-09-04 12:39:57,4.9,0,1
2026-09-04 12:39:57,6.16,0,1
2026-09-04 12:39:57,5.09,0,1
2026-09-04 12:39:57,5.46,0,1
2026-09-04 12:39:57,431.91,0,1
2026-09-04 12:39:58,6.42,0,1
2026-09-04 12:39:58,5.66,0,1
2026-09-04 12:39:58,6.01,0,1
2026-09-04 12:39:58,6.26,0,1
2026-09-04 12:39:58,5.77,0,1
2026-09-04 12:39:58,7.23,0,1
2026-09-04 12:39:58,5.47,0,1
2026-09-04 12:39:58,5.45,0,1
2026-09-04 12:39:58,5.04,0,1
2026-09-04 12:39:59,5.05,0,1
2026-09-04 12:39:59,4.87,0,1
2026-09-04 12:39:59,5.5,0,1
2026-09-04 12:40:00,666.41,0,1
2026-09-04 12:40:00,5.48,0,1
2026-09-04 12:40:00,6.03,0,1
2026-09-04 12:40:00,20.09,0,1
2026-09-04 12:40:00,29.31,0,1
2026-09-04 12:40:00,6.37,0,1
2026-09-04 12:40:00,4.82,0,1
2026-09-04 12:40:00,5.75,0,1
2026-09-04 12:40:00,5.92,0,1
2026-09-04 12:40:01,5.2,0,1
2026-09-04 12:40:01,5.29,0,1
2026-09-04 12:40:01,4.8,0,1
2026-09-04 12:40:01,5.56,0,1
2026-09-04 12:40:01,217.22,0,1
2026-09-04 12:40:01,5.31,0,1
2026-09-04 12:40:01,5.14,0,1
2026-09-04 12:40:01,5.35,0,1
2026-09-04 12:40:02,5.98,0,1
2026-09-04 12:40:02,5.33,0,1
2026-09-04 12:40:02,5.03,0,1
2026-09-04 12:40:02,4.6,0,1
2026-09-04 12:40:02,229.31,0,1
2026-09-04 12:40:02,5.21,0,1
2026-09-04 12:40:02,17.39,0,1
2026-09-04 12:40:03,6.31,0,1
2026-09-04 12:40:03,5.35,0,1
2026-09-04 12:40:03,20.04,0,1
2026-09-04 12:40:03,5.86,0,1
2026-09-04 12:40:03,5.94,0,1
2026-09-04 12:40:03,6.14,0,1
2026-09-04 12:40:03,6.5,0,1
2026-09-04 12:40:03,5.06,0,1
2026-09-04 12:40:03,4.62,0,1
2026-09-04 12:40:04,35.47,0,1
2026-09-04 12:40:04,5.47,0,1
2026-09-04 12:40:04,4.56,0,1
2026-09-04 12:40:04,5.21,0,1
2026-09-04 12:40:04,5.17,0,1
2026-09-04 12:40:04,5.19,0,1
2026-09-04 12:40:04,218.8,0,1
2026-09-04 12:40:05,230.74,0,1
2026-09-04 12:40:05,5.21,0,1
2026-09-04 12:40:05,5.94,0,1
2026-09-04 12:40:05,5.02,0,1
2026-09-04 12:40:05,5.64,0,1
2026-09-04 12:40:05,5.44,0,1
2026-09-04 12:40:05,5.46,0,1
2026-09-04 12:40:06,16.62,0,1
2026-09-04 12:40:06,221.31,0,1
2026-09-04 12:40:07,843.5,0,1
2026-09-04 12:40:07,18.25,0,1
2026-09-04 12:40:07,5.92,0,1
2026-09-04 12:40:07,7.01,0,1
2026-09-04 12:40:07,4.84,0,1
2026-09-04 12:40:07,5.38,0,1
2026-09-04 12:40:08,230.56,0,1
2026-09-04 12:40:08,5.04,0,1
2026-09-04 12:40:08,5.56,0,1
2026-09-04 12:40:09,5000,1,1
2026-09-04 12:40:10,5000,1,1
2026-09-04 12:40:11,988.41,0,1
2026-09-04 12:42:32,4.84,0,1
2026-09-04 12:42:32,5.42,0,1
2026-09-04 12:42:32,6.57,0,1
2026-09-04 12:42:32,5.74,0,1
2026-09-04 12:42:32,5.48,0,1
2026-09-04 12:42:32,5.49,0,1
2026-09-04 12:42:32,5.87,0,1
2026-09-04 12:42:32,5.28,0,1
2026-09-04 12:42:33,5.43,0,1
2026-09-04 12:42:33,4.83,0,1
2026-09-04 12:42:33,5.53,0,1
2026-09-04 12:42:33,4.76,0,1
2026-09-04 12:42:33,4.93,0,1
2026-09-04 12:42:33,5.51,0,1
2026-09-04 12:42:33,4.88,0,1
2026-09-04 12:42:33,18.15,0,1
2026-09-04 12:42:34,228.01,0,1
2026-09-04 12:42:35,915.2,0,1
2026-09-04 12:42:35,4.99,0,1
2026-09-04 12:42:35,5.36,0,1
2026-09-04 12:42:35,5.43,0,1
2026-09-04 12:42:35,5.18,0,1
2026-09-04 12:42:35,45.33,0,1
2026-09-04 12:42:35,6.65,0,1
2026-09-04 12:42:35,5.94,0,1
2026-09-04 12:42:35,5.44,0,1
2026-09-04 12:42:36,5.15,0,1
2026-09-04 12:42:36,296.82,0,1
2026-09-04 12:42:36,30.87,0,1
2026-09-04 12:42:36,108.0,0,1
2026-09-04 12:42:37,139.08,0,1
2026-09-04 12:42:37,108.08,0,1
2026-09-04 12:42:37,31.04,0,1
2026-09-04 12:42:37,31.92,0,1
2026-09-04 12:42:37,31.21,0,1
2026-09-04 12:42:37,33.39,0,1
2026-09-04 12:42:38,31.42,0,1
2026-09-04 12:42:38,31.4,0,1
2026-09-04 12:42:38,19.73,0,1
2026-09-04 12:42:38,30.76,0,1
2026-09-04 12:42:38,124.61,0,1
2026-09-04 12:42:38,93.61,0,1
2026-09-04 12:42:39,295.29,0,1
2026-09-04 12:42:39,78.17,0,1
2026-09-04 12:42:39,31.34,0,1
2026-09-04 12:42:39,30.41,0,1
2026-09-04 12:42:39,31.01,0,1
2026-09-04 12:42:39,16.02,0,1
2026-09-04 12:42:40,22.01,0,1
2026-09-04 12:42:40,31.2,0,1
2026-09-04 12:42:40,621.36,0,1
2026-09-04 12:42:41,20.32,0,1
2026-09-04 12:42:41,31.21,0,1
2026-09-04 12:42:41,30.68,0,1
2026-09-04 12:42:41,26.85,0,1
2026-09-04 12:42:41,32.54,0,1
2026-09-04 12:42:41,32.07,0,1
2026-09-04 12:42:41,31.54,0,1
2026-09-04 12:42:42,80.55,0,1
2026-09-04 12:42:42,19.75,0,1
2026-09-04 12:42:42,31.73,0,1
2026-09-04 12:42:42,312.06,0,1
2026-09-04 12:42:42,26.93,0,1
2026-09-04 12:42:43,25.82,0,1
2026-09-04 12:42:43,31.81,0,1
2026-09-04 12:42:43,31.01,0,1
2026-09-04 12:42:43,269.05,0,1
2026-09-04 12:42:43,31.05,0,1
2026-09-04 12:42:44,20.84,0,1
2026-09-04 12:42:44,31.3,0,1
2026-09-04 12:42:44,31.74,0,1
2026-09-04 12:42:44,20.28,0,1
2026-09-04 12:42:44,31.58,0,1
2026-09-04 12:42:44,31.63,0,1
2026-09-04 12:42:44,30.9,0,1
2026-09-04 12:42:44,31.0,0,1
2026-09-04 12:42:45,31.82,0,1
2026-09-04 12:42:45,31.45,0,1
2026-09-04 12:42:46,823.63,0,1
2026-09-04 12:42:46,32.43,0,1
2026-09-04 12:42:46,31.45,0,1
2026-09-04 12:42:46,5.29,0,1
2026-09-04 12:42:47,833.62,0,1
2026-09-04 12:42:47,5.79,0,1
2026-09-04 12:42:47,5.24,0,1
2026-09-04 12:42:47,6.95,0,1
2026-09-04 12:42:47,5.79,0,1
2026-09-04 12:42:48,7.6,0,1
2026-09-04 12:42:48,314.66,0,1
2026-09-04 12:42:48,8.3,0,1
2026-09-04 12:42:48,54.36,0,1
2026-09-04 12:42:48,37.59,0,1
2026-09-04 12:42:48,6.29,0,1
2026-09-04 12:42:49,6.06,0,1
2026-09-04 12:42:49,7.01,0,1
2026-09-04 12:42:49,6.27,0,1
2026-09-04 12:42:49,232.36,0,1
2026-09-04 12:42:49,5.72,0,1
2026-09-04 12:42:49,7.55,0,1
2026-09-04 12:42:49,4.92,0,1
2026-09-04 12:42:50,28.3,0,1
2026-09-04 12:42:50,6.07,0,1
2026-09-04 12:42:50,5.54,0,1
2026-09-04 12:42:50,20.61,0,1
2026-09-04 12:42:50,22.27,0,1
2026-09-04 12:42:50,4.98,0,1
2026-09-04 12:42:50,5.96,0,1
2026-09-04 12:42:50,5.6,0,1
2026-09-04 12:42:50,34.65,0,1
2026-09-04 12:42:51,5.91,0,1
2026-09-04 12:42:51,228.49,0,1
2026-09-04 12:42:51,255.59,0,1
2026-09-04 12:42:51,7.3,0,1
2026-09-04 12:42:52,5.6,0,1
2026-09-04 12:42:52,5.53,0,1
2026-09-04 12:42:52,6.34,0,1
2026-09-04 12:42:52,6.28,0,1
2026-09-04 12:42:52,5.41,0,1
2026-09-04 12:42:53,648.12,0,1
2026-09-04 12:42:53,6.71,0,1
2026-09-04 12:42:53,6.16,0,1
2026-09-04 12:42:53,6.08,0,1
2026-09-04 12:42:53,19.31,0,1
2026-09-04 12:42:53,6.13,0,1
2026-09-04 12:42:53,6.02,0,1
2026-09-04 12:42:53,5.17,0,1
2026-09-04 12:42:54,24.28,0,1
2026-09-04 12:42:54,5.7,0,1
2026-09-04 12:42:54,6.43,0,1
2026-09-04 12:42:54,5.89,0,1
2026-09-04 12:42:54,6.33,0,1
2026-09-04 12:42:54,19.29,0,1
2026-09-04 12:42:54,5.8,0,1
2026-09-04 12:42:54,5.5,0,1
2026-09-04 12:42:54,5.18,0,1
2026-09-04 12:42:55,5.72,0,1
2026-09-04 12:42:55,5.6,0,1
2026-09-04 12:42:55,6.27,0,1
2026-09-04 12:42:55,5.25,0,1
2026-09-04 12:42:55,5.39,0,1
2026-09-04 12:42:55,5.44,0,1
2026-09-04 12:42:55,6.16,0,1
2026-09-04 12:42:55,4.93,0,1
2026-09-04 12:42:55,5.95,0,1
2026-09-04 12:42:56,28.38,0,1
2026-09-04 12:42:56,5.58,0,1
2026-09-04 12:42:56,5.87,0,1
2026-09-04 12:42:56,5.07,0,1
2026-09-04 12:42:56,5.78,0,1
2026-09-04 12:42:56,5.5,0,1
2026-09-04 12:42:56,4.93,0,1
2026-09-04 12:42:56,4.98,0,1
2026-09-04 12:42:56,6.0,0,1
2026-09-04 12:42:56,5.09,0,1
2026-09-04 12:42:57,5.62,0,1
2026-09-04 12:42:57,5.38,0,1
2026-09-04 12:42:57,17.71,0,1
2026-09-04 12:42:57,231.0,0,1
2026-09-04 12:42:57,5.69,0,1
2026-09-04 12:42:57,5.23,0,1
2026-09-04 12:42:58,730.42,0,1
2026-09-04 12:42:58,27.17,0,1
2026-09-04 12:42:58,22.92,0,1
2026-09-04 12:42:59,32.3,0,1
2026-09-04 12:42:59,527.21,0,1
2026-09-04 12:42:59,15.66,0,1
2026-09-04 12:43:00,31.87,0,1
2026-09-04 12:43:00,30.93,0,1
2026-09-04 12:43:00,18.69,0,1
2026-09-04 12:43:00,30.8,0,1
2026-09-04 12:43:00,31.27,0,1
2026-09-04 12:43:00,33.12,0,1
2026-09-04 12:43:00,23.76,0,1
2026-09-04 12:43:00,31.38,0,1
2026-09-04 12:43:01,30.87,0,1
2026-09-04 12:43:01,20.23,0,1
2026-09-04 12:43:01,33.54,0,1
2026-09-04 12:43:01,30.97,0,1
2026-09-04 12:43:01,32.07,0,1
2026-09-04 12:43:01,32.01,0,1
2026-09-04 12:43:01,30.26,0,1
2026-09-04 12:43:02,8.17,0,1
2026-09-04 12:43:02,22.25,0,1
