timestamp,rtt,loss_flag,jitter,label
2026-10-04 19:11:22,4.43,0,0.0,0
2026-10-04 19:11:22,5.06,0,0.63,0
2026-10-04 19:11:22,2.53,0,2.53,0
2026-10-04 19:11:22,3.64,0,1.11,0
2026-10-04 19:11:22,3.32,0,0.32,0
2026-10-04 19:11:22,3.26,0,0.06,0
2026-10-04 19:11:22,4.05,0,0.79,0
2026-10-04 19:11:22,3.16,0,0.89,0
2026-10-04 19:11:23,4.19,0,1.02,0
2026-10-04 19:11:23,4.82,0,0.63,0
2026-10-04 19:11:23,3.4,0,1.42,0
2026-10-04 19:11:23,4.11,0,0.71,0
2026-10-04 19:11:23,3.6,0,0.51,0
2026-10-04 19:11:23,3.47,0,0.12,0
2026-10-04 19:11:23,3.59,0,0.11,0
2026-10-04 19:11:23,3.54,0,0.05,0
2026-10-04 19:11:23,3.16,0,0.38,0
2026-10-04 19:11:24,3.37,0,0.21,0
2026-10-04 19:11:24,3.45,0,0.09,0
2026-10-04 19:11:24,2.73,0,0.73,0
2026-10-04 19:11:24,3.2,0,0.47,0
2026-10-04 19:11:24,4.35,0,1.15,0
2026-10-04 19:11:24,3.21,0,1.13,0
2026-10-04 19:11:24,3.19,0,0.02,0
2026-10-04 19:11:24,3.07,0,0.13,0
2026-10-04 19:11:24,2.82,0,0.24,0
2026-10-04 19:11:24,3.32,0,0.5,0
2026-10-04 19:11:25,3.76,0,0.43,0
2026-10-04 19:11:25,3.35,0,0.41,0
2026-10-04 19:11:25,4.0,0,0.65,0
2026-10-04 19:11:25,3.01,0,0.99,0
2026-10-04 19:11:25,3.41,0,0.4,0
2026-10-04 19:11:25,3.57,0,0.17,0
2026-10-04 19:11:25,3.95,0,0.38,0
2026-10-04 19:11:25,2.72,0,1.23,0
2026-10-04 19:11:25,2.98,0,0.25,0
2026-10-04 19:11:25,4.06,0,1.08,0
2026-10-04 19:11:26,3.15,0,0.91,0
2026-10-04 19:11:26,3.17,0,0.03,0
2026-10-04 19:11:26,3.06,0,0.11,0
2026-10-04 19:11:26,3.48,0,0.42,0
2026-10-04 19:11:26,3.16,0,0.32,0
2026-10-04 19:11:26,2.53,0,0.63,0
2026-10-04 19:11:26,3.13,0,0.6,0
2026-10-04 19:11:26,3.29,0,0.16,0
2026-10-04 19:11:26,3.27,0,0.02,0
2026-10-04 19:11:27,3.67,0,0.4,0
2026-10-04 19:11:27,2.78,0,0.89,0
2026-10-04 19:11:27,3.0,0,0.23,0
2026-10-04 19:11:27,4.29,0,1.28,0
2026-10-04 19:11:27,3.81,0,0.48,0
2026-10-04 19:11:27,3.2,0,0.61,0
2026-10-04 19:11:27,4.01,0,0.81,0
2026-10-04 19:11:27,3.69,0,0.33,0
2026-10-04 19:11:27,3.63,0,0.05,0
2026-10-04 19:11:27,2.99,0,0.64,0
2026-10-04 19:11:28,3.0,0,0.01,0
2026-10-04 19:11:28,3.69,0,0.7,0
2026-10-04 19:11:28,3.03,0,0.66,0
2026-10-04 19:11:28,3.26,0,0.23,0
2026-10-04 19:11:28,2.87,0,0.4,0
2026-10-04 19:11:28,3.1,0,0.24,0
2026-10-04 19:11:28,2.76,0,0.34,0
2026-10-04 19:11:28,3.69,0,0.92,0
2026-10-04 19:11:28,3.98,0,0.29,0
2026-10-04 19:11:29,3.48,0,0.5,0
2026-10-04 19:11:29,3.16,0,0.32,0
2026-10-04 19:11:29,3.4,0,0.24,0
2026-10-04 19:11:29,3.62,0,0.22,0
2026-10-04 19:11:29,3.03,0,0.59,0
2026-10-04 19:11:29,4.55,0,1.52,0
2026-10-04 19:11:29,3.5,0,1.05,0
2026-10-04 19:11:29,3.48,0,0.03,0
2026-10-04 19:11:29,3.56,0,0.08,0
2026-10-04 19:11:29,3.07,0,0.49,0
2026-10-04 19:11:30,3.55,0,0.48,0
2026-10-04 19:11:30,4.07,0,0.52,0
2026-10-04 19:11:30,4.08,0,0.0,0
2026-10-04 19:11:30,3.06,0,1.02,0
2026-10-04 19:11:30,3.21,0,0.15,0
2026-10-04 19:11:30,3.61,0,0.41,0
2026-10-04 19:11:30,3.39,0,0.22,0
2026-10-04 19:11:30,3.58,0,0.19,0
2026-10-04 19:11:30,3.52,0,0.06,0
2026-10-04 19:11:31,2.55,0,0.98,0
2026-10-04 19:11:31,3.06,0,0.51,0
2026-10-04 19:11:31,4.02,0,0.97,0
2026-10-04 19:11:31,3.03,0,1.0,0
2026-10-04 19:11:31,3.08,0,0.05,0
2026-10-04 19:11:31,3.12,0,0.05,0
2026-10-04 19:11:31,3.27,0,0.14,0
2026-10-04 19:11:31,3.71,0,0.44,0
2026-10-04 19:11:31,2.82,0,0.89,0
2026-10-04 19:11:31,3.18,0,0.36,0
2026-10-04 19:11:32,4.08,0,0.9,0
2026-10-04 19:11:32,2.59,0,1.49,0
2026-10-04 19:11:32,3.25,0,0.66,0
2026-10-04 19:11:32,3.97,0,0.72,0
2026-10-04 19:11:32,2.97,0,1.0,0
2026-10-04 19:11:32,2.97,0,0.01,0
2026-10-04 19:11:32,3.83,0,0.85,0
2026-10-04 19:11:32,3.37,0,0.45,0
2026-10-04 19:11:32,3.53,0,0.16,0
2026-10-04 19:11:32,3.64,0,0.11,0
2026-10-04 19:11:33,3.58,0,0.06,0
2026-10-04 19:11:33,4.12,0,0.54,0
2026-10-04 19:11:33,2.79,0,1.32,0
2026-10-04 19:11:33,3.3,0,0.51,0
2026-10-04 19:11:33,4.17,0,0.87,0
2026-10-04 19:11:33,3.08,0,1.09,0
2026-10-04 19:11:33,3.49,0,0.41,0
2026-10-04 19:11:33,3.53,0,0.04,0
2026-10-04 19:11:33,3.11,0,0.42,0
2026-10-04 19:11:34,3.5,0,0.4,0
2026-10-04 19:11:34,3.05,0,0.45,0
2026-10-04 19:11:34,2.86,0,0.19,0
2026-10-04 19:11:34,3.3,0,0.44,0
2026-10-04 19:11:34,4.47,0,1.17,0
2026-10-04 19:11:34,3.54,0,0.93,0
2026-10-04 19:11:34,3.11,0,0.44,0
2026-10-04 19:11:34,4.01,0,0.9,0
2026-10-04 19:11:34,3.96,0,0.05,0
2026-10-04 19:11:34,2.97,0,0.99,0
2026-10-04 19:11:35,3.0,0,0.03,0
2026-10-04 19:11:35,2.61,0,0.4,0
2026-10-04 19:11:35,3.77,0,1.16,0
2026-10-04 19:11:35,3.7,0,0.07,0
2026-10-04 19:11:35,4.47,0,0.77,0
2026-10-04 19:11:35,3.31,0,1.17,0
2026-10-04 19:11:35,2.93,0,0.37,0
2026-10-04 19:11:35,2.97,0,0.03,0
2026-10-04 19:11:35,2.89,0,0.08,0
2026-10-04 19:11:36,2.99,0,0.1,0
2026-10-04 19:11:36,3.48,0,0.49,0
2026-10-04 19:11:36,2.91,0,0.57,0
2026-10-04 19:11:36,3.39,0,0.47,0
2026-10-04 19:11:36,3.85,0,0.46,0
2026-10-04 19:11:36,5.16,0,1.3,0
2026-10-04 19:11:36,3.01,0,2.15,0
2026-10-04 19:11:36,3.62,0,0.61,0
2026-10-04 19:11:36,3.56,0,0.05,0
2026-10-04 19:11:36,3.74,0,0.18,0
2026-10-04 19:11:37,2.88,0,0.87,0
2026-10-04 19:11:37,3.52,0,0.64,0
2026-10-04 19:11:37,3.04,0,0.48,0
2026-10-04 19:11:37,3.87,0,0.83,0
2026-10-04 19:11:37,3.47,0,0.4,0
2026-10-04 19:11:37,2.74,0,0.73,0
2026-10-04 19:11:37,3.7,0,0.96,0
2026-10-04 19:11:37,3.51,0,0.19,0
2026-10-04 19:11:37,3.18,0,0.33,0
2026-10-04 19:11:37,3.44,0,0.26,0
2026-10-04 19:11:38,2.41,0,1.04,0
2026-10-04 19:11:38,3.88,0,1.47,0
2026-10-04 19:11:38,2.99,0,0.89,0
2026-10-04 19:11:38,2.99,0,0.01,0
2026-10-04 19:11:38,4.36,0,1.37,0
2026-10-04 19:11:38,3.0,0,1.37,0
2026-10-04 19:11:38,4.75,0,1.75,0
2026-10-04 19:11:38,2.97,0,1.77,0
2026-10-04 19:11:38,3.04,0,0.06,0
2026-10-04 19:11:39,2.89,0,0.14,0
2026-10-04 19:11:39,3.2,0,0.31,0
2026-10-04 19:11:39,3.22,0,0.02,0
2026-10-04 19:11:39,3.47,0,0.25,0
2026-10-04 19:11:39,3.42,0,0.05,0
2026-10-04 19:11:39,3.15,0,0.27,0
2026-10-04 19:11:39,4.19,0,1.04,0
2026-10-04 19:11:39,3.72,0,0.47,0
2026-10-04 19:11:39,2.76,0,0.96,0
2026-10-04 19:11:39,3.08,0,0.31,0
2026-10-04 19:11:40,3.43,0,0.35,0
2026-10-04 19:11:40,3.43,0,0.0,0
2026-10-04 19:11:40,3.8,0,0.37,0
2026-10-04 19:11:40,3.49,0,0.31,0
2026-10-04 19:11:40,3.04,0,0.45,0
2026-10-04 19:11:40,3.19,0,0.14,0
2026-10-04 19:11:40,3.3,0,0.12,0
2026-10-04 19:11:40,3.67,0,0.37,0
2026-10-04 19:11:40,2.88,0,0.79,0
2026-10-04 19:11:40,2.66,0,0.21,0
2026-10-04 19:11:41,3.36,0,0.69,0
2026-10-04 19:11:41,3.53,0,0.17,0
2026-10-04 19:11:41,2.97,0,0.55,0
2026-10-04 19:11:41,2.76,0,0.21,0
2026-10-04 19:11:41,4.16,0,1.4,0
2026-10-04 19:11:41,2.79,0,1.38,0
2026-10-04 19:11:41,3.4,0,0.62,0
2026-10-04 19:11:41,3.24,0,0.16,0
2026-10-04 19:11:41,3.27,0,0.03,0
2026-10-04 19:11:42,3.57,0,0.3,0
2026-10-04 19:11:42,2.82,0,0.75,0
2026-10-04 19:11:42,3.93,0,1.11,0
2026-10-04 19:11:42,3.57,0,0.36,0
2026-10-04 19:11:42,3.18,0,0.39,0
2026-10-04 19:11:42,4.7,0,1.52,0
2026-10-04 19:11:42,3.01,0,1.69,0
2026-10-04 19:11:42,3.68,0,0.67,0
2026-10-04 19:11:42,3.03,0,0.65,0
2026-10-04 19:11:42,3.54,0,0.5,0
2026-10-04 19:11:43,3.88,0,0.34,0
2026-10-04 19:11:43,3.43,0,0.45,0
2026-10-04 19:11:43,3.22,0,0.22,0
2026-10-04 19:11:43,3.5,0,0.28,0
2026-10-04 19:11:43,4.29,0,0.8,0
2026-10-04 19:11:43,3.56,0,0.74,0
2026-10-04 19:11:43,3.7,0,0.14,0
2026-10-04 19:11:43,2.96,0,0.74,0
2026-10-04 19:11:43,4.05,0,1.08,0
2026-10-04 19:11:44,3.52,0,0.53,0
2026-10-04 19:11:44,3.06,0,0.45,0
2026-10-04 19:11:44,2.78,0,0.29,0
2026-10-04 19:11:44,2.67,0,0.11,0
2026-10-04 19:11:44,3.19,0,0.52,0
2026-10-04 19:11:44,3.27,0,0.08,0
2026-10-04 19:11:44,3.07,0,0.2,0
2026-10-04 19:11:44,3.45,0,0.38,0
2026-10-04 19:11:44,3.2,0,0.25,0
2026-10-04 19:11:44,3.48,0,0.28,0
2026-10-04 19:11:45,3.56,0,0.08,0
2026-10-04 19:11:45,3.23,0,0.33,0
2026-10-04 19:11:45,31.42,0,28.2,0
2026-10-04 19:11:45,9.94,0,21.48,0
2026-10-04 19:11:45,3.32,0,6.62,0
2026-10-04 19:11:45,4.1,0,0.78,0
2026-10-04 19:11:45,8.03,0,3.93,0
2026-10-04 19:11:45,3.86,0,4.17,0
2026-10-04 19:11:45,4.14,0,0.28,0
2026-10-04 19:11:46,4.59,0,0.45,0
2026-10-04 19:11:46,3.76,0,0.83,0
2026-10-04 19:11:46,3.87,0,0.11,0
2026-10-04 19:11:46,4.15,0,0.28,0
2026-10-04 19:11:46,3.95,0,0.2,0
2026-10-04 19:11:46,3.0,0,0.94,0
2026-10-04 19:11:46,3.54,0,0.54,0
2026-10-04 19:11:46,8.7,0,5.16,0
2026-10-04 19:11:46,3.55,0,5.15,0
2026-10-04 19:11:46,3.18,0,0.37,0
2026-10-04 19:11:47,2.74,0,0.44,0
2026-10-04 19:11:47,3.79,0,1.05,0
2026-10-04 19:11:47,3.08,0,0.72,0
2026-10-04 19:11:47,3.62,0,0.54,0
2026-10-04 19:11:47,4.08,0,0.45,0
2026-10-04 19:11:47,4.52,0,0.45,0
2026-10-04 19:11:47,3.94,0,0.58,0
2026-10-04 19:11:47,3.59,0,0.35,0
2026-10-04 19:11:47,19.25,0,15.65,0
2026-10-04 19:11:48,3.26,0,15.99,0
2026-10-04 19:11:48,3.64,0,0.39,0
2026-10-04 19:11:48,3.83,0,0.18,0
2026-10-04 19:11:48,3.54,0,0.28,0
2026-10-04 19:11:48,3.52,0,0.02,0
2026-10-04 19:11:48,2.39,0,1.12,0
2026-10-04 19:11:48,3.48,0,1.08,0
2026-10-04 19:11:48,3.1,0,0.38,0
2026-10-04 19:11:48,3.88,0,0.78,0
2026-10-04 19:11:48,3.46,0,0.42,0
2026-10-04 19:11:49,7.67,0,4.21,0
2026-10-04 19:11:49,3.1,0,4.57,0
2026-10-04 19:11:49,3.57,0,0.47,0
2026-10-04 19:11:49,3.9,0,0.33,0
2026-10-04 19:11:49,3.29,0,0.61,0
2026-10-04 19:11:49,4.59,0,1.3,0
2026-10-04 19:11:49,2.76,0,1.83,0
2026-10-04 19:11:49,16.61,0,13.84,0
2026-10-04 19:11:50,30.47,0,13.87,0
2026-10-04 19:11:50,3.1,0,27.38,0
2026-10-04 19:11:50,12.0,0,8.9,0
2026-10-04 19:11:50,15.66,0,3.66,0
2026-10-04 19:11:50,2.62,0,13.04,0
2026-10-04 19:11:50,4.13,0,1.51,0
2026-10-04 19:11:50,3.74,0,0.38,0
2026-10-04 19:11:50,2.88,0,0.87,0
2026-10-04 19:11:50,3.02,0,0.14,0
2026-10-04 19:11:50,3.04,0,0.02,0
2026-10-04 19:11:51,3.15,0,0.12,0
2026-10-04 19:11:51,3.61,0,0.46,0
2026-10-04 19:11:51,3.09,0,0.52,0
2026-10-04 19:11:51,3.61,0,0.52,0
2026-10-04 19:11:51,3.48,0,0.13,0
2026-10-04 19:11:51,3.15,0,0.33,0
2026-10-04 19:11:51,3.38,0,0.23,0
2026-10-04 19:11:51,3.58,0,0.2,0
2026-10-04 19:11:51,2.83,0,0.75,0
2026-10-04 19:11:52,2.87,0,0.04,0
2026-10-04 19:11:52,3.2,0,0.33,0
2026-10-04 19:11:52,3.69,0,0.48,0
2026-10-04 19:11:52,3.9,0,0.21,0
2026-10-04 19:11:52,2.53,0,1.37,0
2026-10-04 19:11:52,3.19,0,0.66,0
2026-10-04 19:11:52,3.67,0,0.48,0
2026-10-04 19:11:52,3.97,0,0.3,0
2026-10-04 19:11:52,3.1,0,0.87,0
2026-10-04 19:11:52,3.09,0,0.01,0
2026-10-04 19:11:53,3.39,0,0.3,0
2026-10-04 19:11:53,3.89,0,0.5,0
2026-10-04 19:11:53,3.05,0,0.85,0
2026-10-04 19:11:53,3.04,0,0.01,0
2026-10-04 19:11:53,4.03,0,0.99,0
2026-10-04 19:11:53,2.8,0,1.23,0
2026-10-04 19:11:53,2.64,0,0.16,0
2026-10-04 19:11:53,3.59,0,0.96,0
2026-10-04 19:11:53,2.6,0,1.0,0
2026-10-04 19:11:53,3.39,0,0.79,0
2026-10-04 19:11:54,3.09,0,0.3,0
2026-10-04 19:11:54,3.1,0,0.01,0
2026-10-04 19:11:54,3.1,0,0.0,0
2026-10-04 19:11:54,2.11,0,1.0,0
2026-10-04 19:11:54,3.28,0,1.18,0
2026-10-04 19:11:54,2.75,0,0.54,0
2026-10-04 19:11:54,2.81,0,0.06,0
2026-10-04 19:11:54,3.22,0,0.41,0
2026-10-04 19:11:54,3.37,0,0.15,0
2026-10-04 19:11:55,3.65,0,0.28,0
2026-10-04 19:11:55,3.15,0,0.5,0
2026-10-04 19:11:55,3.54,0,0.39,0
2026-10-04 19:11:55,3.22,0,0.31,0
2026-10-04 19:11:55,2.92,0,0.3,0
2026-10-04 19:11:55,2.57,0,0.35,0
2026-10-04 19:11:55,3.56,0,0.98,0
2026-10-04 19:11:55,3.49,0,0.07,0
2026-10-04 19:11:55,3.23,0,0.26,0
2026-10-04 19:11:55,3.6,0,0.36,0
2026-10-04 19:11:56,3.26,0,0.34,0
2026-10-04 19:11:56,3.73,0,0.47,0
2026-10-04 19:11:56,3.17,0,0.56,0
2026-10-04 19:11:56,3.21,0,0.04,0
2026-10-04 19:11:56,3.09,0,0.12,0
2026-10-04 19:11:56,3.13,0,0.05,0
2026-10-04 19:11:56,3.31,0,0.18,0
2026-10-04 19:11:56,3.22,0,0.09,0
2026-10-04 19:11:56,3.91,0,0.69,0
2026-10-04 19:11:56,3.28,0,0.64,0
2026-10-04 19:11:57,3.2,0,0.07,0
2026-10-04 19:11:57,2.17,0,1.03,0
2026-10-04 19:11:57,4.3,0,2.12,0
2026-10-04 19:11:57,2.53,0,1.77,0
2026-10-04 19:11:57,3.18,0,0.65,0
2026-10-04 19:11:57,3.35,0,0.17,0
2026-10-04 19:11:57,4.45,0,1.1,0
2026-10-04 19:11:57,3.63,0,0.82,0
2026-10-04 19:11:57,3.73,0,0.09,0
2026-10-04 19:11:58,4.53,0,0.81,0
2026-10-04 19:11:58,3.92,0,0.62,0
2026-10-04 19:11:58,3.14,0,0.78,0
2026-10-04 19:11:58,3.07,0,0.07,0
2026-10-04 19:11:58,4.04,0,0.97,0
2026-10-04 19:11:58,3.93,0,0.11,0
2026-10-04 19:11:58,3.64,0,0.29,0
2026-10-04 19:11:58,3.1,0,0.54,0
2026-10-04 19:11:58,3.8,0,0.7,0
2026-10-04 19:11:58,2.58,0,1.21,0
2026-10-04 19:11:59,3.99,0,1.4,0
2026-10-04 19:11:59,2.96,0,1.02,0
2026-10-04 19:11:59,3.24,0,0.28,0
2026-10-04 19:11:59,3.62,0,0.38,0
2026-10-04 19:11:59,3.53,0,0.09,0
2026-10-04 19:11:59,3.33,0,0.2,0
2026-10-04 19:11:59,3.59,0,0.26,0
2026-10-04 19:11:59,4.21,0,0.62,0
2026-10-04 19:11:59,3.71,0,0.5,0
2026-10-04 19:12:00,3.07,0,0.64,0
2026-10-04 19:12:00,3.07,0,0.0,0
2026-10-04 19:12:00,3.2,0,0.13,0
2026-10-04 19:12:00,3.39,0,0.19,0
2026-10-04 19:12:00,3.64,0,0.25,0
2026-10-04 19:12:00,4.22,0,0.58,0
2026-10-04 19:12:00,3.23,0,0.99,0
2026-10-04 19:12:00,4.49,0,1.26,0
2026-10-04 19:12:00,3.55,0,0.94,0
2026-10-04 19:12:00,3.6,0,0.06,0
2026-10-04 19:12:01,2.87,0,0.74,0
2026-10-04 19:12:01,3.46,0,0.6,0
2026-10-04 19:12:01,2.58,0,0.89,0
2026-10-04 19:12:01,3.4,0,0.82,0
2026-10-04 19:12:01,4.93,0,1.54,0
2026-10-04 19:12:01,3.4,0,1.53,0
2026-10-04 19:12:01,3.6,0,0.2,0
2026-10-04 19:12:01,3.1,0,0.51,0
2026-10-04 19:12:01,3.72,0,0.62,0
2026-10-04 19:12:02,3.39,0,0.34,0
2026-10-04 19:12:02,3.28,0,0.11,0
2026-10-04 19:12:02,4.07,0,0.79,0
2026-10-04 19:12:02,3.38,0,0.69,0
2026-10-04 19:12:02,3.2,0,0.18,0
2026-10-04 19:12:02,3.75,0,0.55,0
2026-10-04 19:12:02,2.68,0,1.07,0
2026-10-04 19:12:02,3.55,0,0.87,0
2026-10-04 19:12:02,3.06,0,0.49,0
2026-10-04 19:12:02,3.2,0,0.14,0
2026-10-04 19:12:03,3.51,0,0.31,0
2026-10-04 19:12:03,2.55,0,0.95,0
2026-10-04 19:12:03,2.95,0,0.4,0
2026-10-04 19:12:03,3.04,0,0.08,0
2026-10-04 19:12:03,3.38,0,0.34,0
2026-10-04 19:12:03,3.26,0,0.12,0
2026-10-04 19:12:03,3.34,0,0.08,0
2026-10-04 19:12:03,3.27,0,0.07,0
2026-10-04 19:12:03,2.79,0,0.48,0
2026-10-04 19:12:03,3.18,0,0.38,0
2026-10-04 19:12:04,3.56,0,0.38,0
2026-10-04 19:12:04,3.73,0,0.17,0
2026-10-04 19:12:04,3.13,0,0.59,0
2026-10-04 19:12:04,3.79,0,0.66,0
2026-10-04 19:12:04,3.75,0,0.04,0
2026-10-04 19:12:04,2.78,0,0.98,0
2026-10-04 19:12:04,2.61,0,0.17,0
2026-10-04 19:12:04,3.09,0,0.49,0
2026-10-04 19:12:04,3.97,0,0.87,0
2026-10-04 19:12:05,3.84,0,0.13,0
2026-10-04 19:12:05,3.49,0,0.35,0
2026-10-04 19:12:05,2.93,0,0.56,0
2026-10-04 19:12:05,3.18,0,0.25,0
2026-10-04 19:12:05,2.71,0,0.48,0
2026-10-04 19:12:05,2.91,0,0.2,0
2026-10-04 19:12:05,3.85,0,0.94,0
2026-10-04 19:12:05,2.76,0,1.09,0
2026-10-04 19:12:05,2.84,0,0.08,0
2026-10-04 19:12:05,3.06,0,0.21,0
2026-10-04 19:12:06,3.88,0,0.82,0
2026-10-04 19:12:06,3.15,0,0.73,0
2026-10-04 19:12:06,3.38,0,0.23,0
2026-10-04 19:12:06,3.49,0,0.11,0
2026-10-04 19:12:06,3.35,0,0.15,0
2026-10-04 19:12:06,3.62,0,0.27,0
2026-10-04 19:12:06,3.28,0,0.34,0
2026-10-04 19:12:06,2.96,0,0.31,0
2026-10-04 19:12:06,3.01,0,0.04,0
2026-10-04 19:12:06,3.07,0,0.07,0
2026-10-04 19:12:07,3.18,0,0.1,0
2026-10-04 19:12:07,3.06,0,0.11,0
2026-10-04 19:12:07,3.95,0,0.88,0
2026-10-04 19:12:07,3.64,0,0.3,0
2026-10-04 19:12:07,3.29,0,0.36,0
2026-10-04 19:12:07,3.06,0,0.23,0
2026-10-04 19:12:07,2.97,0,0.09,0
2026-10-04 19:12:07,3.46,0,0.49,0
2026-10-04 19:12:07,3.8,0,0.34,0
2026-10-04 19:12:08,2.99,0,0.81,0
2026-10-04 19:12:08,2.61,0,0.37,0
2026-10-04 19:12:08,4.49,0,1.88,0
2026-10-04 19:12:08,2.96,0,1.52,0
2026-10-04 19:12:08,3.58,0,0.61,0
2026-10-04 19:12:08,2.57,0,1.01,0
2026-10-04 19:12:08,3.79,0,1.22,0
2026-10-04 19:12:08,3.24,0,0.55,0
2026-10-04 19:12:08,3.11,0,0.13,0
2026-10-04 19:12:08,2.96,0,0.15,0
2026-10-04 19:12:09,3.42,0,0.46,0
2026-10-04 19:12:09,3.19,0,0.22,0
2026-10-04 19:12:09,3.41,0,0.22,0
2026-10-04 19:12:09,3.51,0,0.1,0
2026-10-04 19:12:09,3.08,0,0.43,0
2026-10-04 19:12:09,3.24,0,0.16,0
2026-10-04 19:12:09,3.44,0,0.21,0
2026-10-04 19:12:09,2.93,0,0.51,0
2026-10-04 19:12:09,3.03,0,0.1,0
2026-10-04 19:12:10,3.92,0,0.89,0
2026-10-04 19:12:10,3.26,0,0.66,0
2026-10-04 19:12:10,2.81,0,0.45,0
2026-10-04 19:12:10,3.76,0,0.94,0
2026-10-04 19:12:10,3.15,0,0.6,0
2026-10-04 19:12:10,3.86,0,0.71,0
2026-10-04 19:12:10,2.95,0,0.91,0
2026-10-04 19:12:10,3.1,0,0.15,0
2026-10-04 19:12:10,3.84,0,0.74,0
2026-10-04 19:12:10,3.08,0,0.76,0
2026-10-04 19:12:11,3.0,0,0.08,0
2026-10-04 19:12:11,4.7,0,1.7,0
2026-10-04 19:12:11,3.67,0,1.02,0
2026-10-04 19:12:11,3.33,0,0.34,0
2026-10-04 19:12:11,3.4,0,0.07,0
2026-10-04 19:12:11,3.31,0,0.1,0
2026-10-04 19:12:11,3.6,0,0.3,0
2026-10-04 19:12:11,3.25,0,0.35,0
2026-10-04 19:12:11,3.13,0,0.11,0
2026-10-04 19:12:11,3.83,0,0.7,0
2026-10-04 19:12:12,4.07,0,0.24,0
2026-10-04 19:12:12,3.03,0,1.04,0
2026-10-04 19:12:12,2.77,0,0.26,0
2026-10-04 19:12:12,3.13,0,0.36,0
2026-10-04 19:12:12,3.71,0,0.58,0
2026-10-04 19:12:12,2.76,0,0.95,0
2026-10-04 19:12:12,4.05,0,1.29,0
2026-10-04 19:12:12,3.26,0,0.79,0
2026-10-04 19:12:12,3.52,0,0.26,0
2026-10-04 19:12:13,3.82,0,0.3,0
2026-10-04 19:12:13,3.74,0,0.07,0
2026-10-04 19:12:13,3.21,0,0.53,0
2026-10-04 19:12:13,3.66,0,0.45,0
2026-10-04 19:12:13,4.41,0,0.74,0
2026-10-04 19:12:13,3.07,0,1.34,0
2026-10-04 19:12:13,2.6,0,0.46,0
2026-10-04 19:12:13,3.49,0,0.89,0
2026-10-04 19:12:13,2.65,0,0.84,0
2026-10-04 19:12:13,3.63,0,0.98,0
2026-10-04 19:12:14,3.67,0,0.03,0
2026-10-04 19:12:14,4.13,0,0.46,0
2026-10-04 19:12:14,3.6,0,0.53,0
2026-10-04 19:12:14,3.44,0,0.16,0
2026-10-04 19:12:14,3.52,0,0.08,0
2026-10-04 19:12:14,3.19,0,0.34,0
2026-10-04 19:12:14,3.6,0,0.41,0
2026-10-04 19:12:14,3.47,0,0.13,0
2026-10-04 19:12:14,3.94,0,0.47,0
2026-10-04 19:12:15,3.47,0,0.47,0
2026-10-04 19:12:15,2.85,0,0.61,0
2026-10-04 19:12:15,2.86,0,0.0,0
2026-10-04 19:12:15,3.36,0,0.5,0
2026-10-04 19:12:15,2.5,0,0.86,0
2026-10-04 19:12:15,3.84,0,1.34,0
2026-10-04 19:12:15,3.67,0,0.17,0
2026-10-04 19:12:15,3.87,0,0.21,0
2026-10-04 19:12:15,4.06,0,0.18,0
2026-10-04 19:12:15,3.05,0,1.01,0
2026-10-04 19:12:16,2.92,0,0.13,0
2026-10-04 19:12:16,3.54,0,0.62,0
2026-10-04 19:12:16,3.04,0,0.5,0
2026-10-04 19:12:16,3.51,0,0.46,0
2026-10-04 19:12:16,3.62,0,0.11,0
2026-10-04 19:12:16,2.69,0,0.93,0
2026-10-04 19:12:16,4.22,0,1.53,0
2026-10-04 19:12:16,3.07,0,1.15,0
2026-10-04 19:12:16,4.03,0,0.96,0
2026-10-04 19:12:16,3.7,0,0.33,0
2026-10-04 19:12:17,2.44,0,1.26,0
2026-10-04 19:12:17,4.42,0,1.98,0
2026-10-04 19:12:17,3.22,0,1.2,0
2026-10-04 19:12:17,3.27,0,0.05,0
2026-10-04 19:12:17,3.4,0,0.13,0
2026-10-04 19:12:17,3.14,0,0.26,0
2026-10-04 19:12:17,3.83,0,0.69,0
2026-10-04 19:12:17,3.5,0,0.33,0
2026-10-04 19:12:17,3.1,0,0.4,0
2026-10-04 19:12:18,4.36,0,1.26,0
2026-10-04 19:12:18,2.37,0,1.99,0
2026-10-04 19:12:18,4.12,0,1.75,0
2026-10-04 19:12:18,3.14,0,0.98,0
2026-10-04 19:12:18,2.44,0,0.7,0
2026-10-04 19:12:18,3.08,0,0.63,0
2026-10-04 19:12:18,3.2,0,0.13,0
2026-10-04 19:12:18,3.35,0,0.15,0
2026-10-04 19:12:18,3.12,0,0.24,0
2026-10-04 19:12:18,2.54,0,0.58,0
2026-10-04 19:12:19,3.41,0,0.87,0
2026-10-04 19:12:19,3.62,0,0.22,0
2026-10-04 19:12:19,2.83,0,0.79,0
2026-10-04 19:12:19,3.54,0,0.71,0
2026-10-04 19:12:19,2.68,0,0.87,0
2026-10-04 19:12:19,3.69,0,1.01,0
2026-10-04 19:12:19,2.61,0,1.07,0
2026-10-04 19:12:19,3.54,0,0.92,0
2026-10-04 19:12:19,3.49,0,0.04,0
2026-10-04 19:12:20,3.34,0,0.15,0
2026-10-04 19:12:20,2.91,0,0.43,0
2026-10-04 19:12:20,3.52,0,0.62,0
2026-10-04 19:12:20,3.2,0,0.32,0
2026-10-04 19:12:20,2.77,0,0.43,0
2026-10-04 19:12:20,2.85,0,0.08,0
2026-10-04 19:12:20,3.17,0,0.32,0
2026-10-04 19:12:20,3.46,0,0.29,0
2026-10-04 19:12:20,3.12,0,0.34,0
2026-10-04 19:12:20,3.56,0,0.44,0
2026-10-04 19:12:21,3.68,0,0.11,0
2026-10-04 19:12:21,2.5,0,1.18,0
2026-10-04 19:12:21,3.48,0,0.98,0
2026-10-04 19:12:21,3.42,0,0.06,0
2026-10-04 19:12:21,3.1,0,0.32,0
2026-10-04 19:12:21,3.46,0,0.37,0
2026-10-04 19:12:21,3.49,0,0.03,0
2026-10-04 19:12:21,3.25,0,0.24,0
2026-10-04 19:12:21,3.6,0,0.34,0
2026-10-04 19:12:21,3.06,0,0.54,0
2026-10-04 19:12:22,3.27,0,0.22,0
